<?xml version="1.0" encoding="UTF-8" standalone="no" ?>
<COLLADA xmlns="http://www.collada.org/2005/11/COLLADASchema" version="1.4.1">
  <asset>
    <contributor>
      <author>Assimp</author>
      <authoring_tool>Assimp Exporter</authoring_tool>
    </contributor>
    <created>2026-05-07T18:50:11</created>
    <modified>2026-05-07T18:50:11</modified>
    <unit name="meter" meter="1" />
    <up_axis>Y_UP</up_axis>
  </asset>
  <library_images>
  </library_images>
  <library_effects>
    <effect id="DefaultMaterial-fx" name="DefaultMaterial">
      <profile_COMMON>
        <technique sid="standard">
          <phong>
            <ambient>
              <color sid="ambient">0.0500000007   0.0500000007   0.0500000007   1</color>
            </ambient>
            <diffuse>
              <color sid="diffuse">1   1   1   1</color>
            </diffuse>
            <specular>
              <color sid="specular">1   1   1   1</color>
            </specular>
          </phong>
        </technique>
      </profile_COMMON>
    </effect>
  </library_effects>
  <library_materials>
    <material id="DefaultMaterial" name="DefaultMaterial">
      <instance_effect url="#DefaultMaterial-fx"/>
    </material>
  </library_materials>
  <library_geometries>
    <geometry id="mesh_0" name="" >
      <mesh>
        <source id="mesh_0-positions" name="mesh_0-positions">
          <float_array id="mesh_0-positions-array" count="6912"> -0.800000012 -0.224999994 0 -0.75 -0.224999994 -0.0302734375 -0.75 -0.1875 -0.0220234375 -0.800000012 -0.224999994 0 -0.75 -0.1875 -0.0220234375 -0.800000012 -0.1875 0.00824999996 -0.800000012 -0.1875 0.00824999996 -0.75 -0.1875 -0.0220234375 -0.75 -0.150000006 -0.0152734378 -0.800000012 -0.1875 0.00824999996 -0.75 -0.150000006 -0.0152734378 -0.800000012 -0.150000006 0.0149999997 -0.800000012 -0.150000006 0.0149999997 -0.75 -0.150000006 -0.0152734378 -0.75 -0.112499997 -0.0100234374 -0.800000012 -0.150000006 0.0149999997 -0.75 -0.112499997 -0.0100234374 -0.800000012 -0.112499997 0.0202500001 -0.800000012 -0.112499997 0.0202500001 -0.75 -0.112499997 -0.0100234374 -0.75 -0.075000003 -0.00627343729 -0.800000012 -0.112499997 0.0202500001 -0.75 -0.075000003 -0.00627343729 -0.800000012 -0.075000003 0.0240000002 -0.800000012 -0.075000003 0.0240000002 -0.75 -0.075000003 -0.00627343729 -0.75 -0.0375000015 -0.00402343739 -0.800000012 -0.075000003 0.0240000002 -0.75 -0.0375000015 -0.00402343739 -0.800000012 -0.0375000015 0.0262499992 -0.800000012 -0.0375000015 0.0262499992 -0.75 -0.0375000015 -0.00402343739 -0.75 0 -0.0032734375 -0.800000012 -0.0375000015 0.0262499992 -0.75 0 -0.0032734375 -0.800000012 0 0.0270000007 -0.800000012 0 0.0270000007 -0.75 0 -0.0032734375 -0.75 0.0375000015 -0.00402343739 -0.800000012 0 0.0270000007 -0.75 0.0375000015 -0.00402343739 -0.800000012 0.0375000015 0.0262499992 -0.800000012 0.0375000015 0.0262499992 -0.75 0.0375000015 -0.00402343739 -0.75 0.075000003 -0.00627343729 -0.800000012 0.0375000015 0.0262499992 -0.75 0.075000003 -0.00627343729 -0.800000012 0.075000003 0.0240000002 -0.800000012 0.075000003 0.0240000002 -0.75 0.075000003 -0.00627343729 -0.75 0.112499997 -0.0100234374 -0.800000012 0.075000003 0.0240000002 -0.75 0.112499997 -0.0100234374 -0.800000012 0.112499997 0.0202500001 -0.800000012 0.112499997 0.0202500001 -0.75 0.112499997 -0.0100234374 -0.75 0.150000006 -0.0152734378 -0.800000012 0.112499997 0.0202500001 -0.75 0.150000006 -0.0152734378 -0.800000012 0.150000006 0.0149999997 -0.800000012 0.150000006 0.0149999997 -0.75 0.150000006 -0.0152734378 -0.75 0.1875 -0.0220234375 -0.800000012 0.150000006 0.0149999997 -0.75 0.1875 -0.0220234375 -0.800000012 0.1875 0.00824999996 -0.800000012 0.1875 0.00824999996 -0.75 0.1875 -0.0220234375 -0.75 0.224999994 -0.0302734375 -0.800000012 0.1875 0.00824999996 -0.75 0.224999994 -0.0302734375 -0.800000012 0.224999994 0 -0.75 -0.224999994 -0.0302734375 -0.699999988 -0.224999994 -0.05859375 -0.699999988 -0.1875 -0.0503437482 -0.75 -0.224999994 -0.0302734375 -0.699999988 -0.1875 -0.0503437482 -0.75 -0.1875 -0.0220234375 -0.75 -0.1875 -0.0220234375 -0.699999988 -0.1875 -0.0503437482 -0.699999988 -0.150000006 -0.0435937494 -0.75 -0.1875 -0.0220234375 -0.699999988 -0.150000006 -0.0435937494 -0.75 -0.150000006 -0.0152734378 -0.75 -0.150000006 -0.0152734378 -0.699999988 -0.150000006 -0.0435937494 -0.699999988 -0.112499997 -0.0383437499 -0.75 -0.150000006 -0.0152734378 -0.699999988 -0.112499997 -0.0383437499 -0.75 -0.112499997 -0.0100234374 -0.75 -0.112499997 -0.0100234374 -0.699999988 -0.112499997 -0.0383437499 -0.699999988 -0.075000003 -0.0345937498 -0.75 -0.112499997 -0.0100234374 -0.699999988 -0.075000003 -0.0345937498 -0.75 -0.075000003 -0.00627343729 -0.75 -0.075000003 -0.00627343729 -0.699999988 -0.075000003 -0.0345937498 -0.699999988 -0.0375000015 -0.032343749 -0.75 -0.075000003 -0.00627343729 -0.699999988 -0.0375000015 -0.032343749 -0.75 -0.0375000015 -0.00402343739 -0.75 -0.0375000015 -0.00402343739 -0.699999988 -0.0375000015 -0.032343749 -0.699999988 0 -0.0315937512 -0.75 -0.0375000015 -0.00402343739 -0.699999988 0 -0.0315937512 -0.75 0 -0.0032734375 -0.75 0 -0.0032734375 -0.699999988 0 -0.0315937512 -0.699999988 0.0375000015 -0.032343749 -0.75 0 -0.0032734375 -0.699999988 0.0375000015 -0.032343749 -0.75 0.0375000015 -0.00402343739 -0.75 0.0375000015 -0.00402343739 -0.699999988 0.0375000015 -0.032343749 -0.699999988 0.075000003 -0.0345937498 -0.75 0.0375000015 -0.00402343739 -0.699999988 0.075000003 -0.0345937498 -0.75 0.075000003 -0.00627343729 -0.75 0.075000003 -0.00627343729 -0.699999988 0.075000003 -0.0345937498 -0.699999988 0.112499997 -0.0383437499 -0.75 0.075000003 -0.00627343729 -0.699999988 0.112499997 -0.0383437499 -0.75 0.112499997 -0.0100234374 -0.75 0.112499997 -0.0100234374 -0.699999988 0.112499997 -0.0383437499 -0.699999988 0.150000006 -0.0435937494 -0.75 0.112499997 -0.0100234374 -0.699999988 0.150000006 -0.0435937494 -0.75 0.150000006 -0.0152734378 -0.75 0.150000006 -0.0152734378 -0.699999988 0.150000006 -0.0435937494 -0.699999988 0.1875 -0.0503437482 -0.75 0.150000006 -0.0152734378 -0.699999988 0.1875 -0.0503437482 -0.75 0.1875 -0.0220234375 -0.75 0.1875 -0.0220234375 -0.699999988 0.1875 -0.0503437482 -0.699999988 0.224999994 -0.05859375 -0.75 0.1875 -0.0220234375 -0.699999988 0.224999994 -0.05859375 -0.75 0.224999994 -0.0302734375 -0.699999988 -0.224999994 -0.05859375 -0.649999976 -0.224999994 -0.0849609375 -0.649999976 -0.1875 -0.0767109394 -0.699999988 -0.224999994 -0.05859375 -0.649999976 -0.1875 -0.0767109394 -0.699999988 -0.1875 -0.0503437482 -0.699999988 -0.1875 -0.0503437482 -0.649999976 -0.1875 -0.0767109394 -0.649999976 -0.150000006 -0.0699609369 -0.699999988 -0.1875 -0.0503437482 -0.649999976 -0.150000006 -0.0699609369 -0.699999988 -0.150000006 -0.0435937494 -0.699999988 -0.150000006 -0.0435937494 -0.649999976 -0.150000006 -0.0699609369 -0.649999976 -0.112499997 -0.0647109374 -0.699999988 -0.150000006 -0.0435937494 -0.649999976 -0.112499997 -0.0647109374 -0.699999988 -0.112499997 -0.0383437499 -0.699999988 -0.112499997 -0.0383437499 -0.649999976 -0.112499997 -0.0647109374 -0.649999976 -0.075000003 -0.0609609373 -0.699999988 -0.112499997 -0.0383437499 -0.649999976 -0.075000003 -0.0609609373 -0.699999988 -0.075000003 -0.0345937498 -0.699999988 -0.075000003 -0.0345937498 -0.649999976 -0.075000003 -0.0609609373 -0.649999976 -0.0375000015 -0.0587109365 -0.699999988 -0.075000003 -0.0345937498 -0.649999976 -0.0375000015 -0.0587109365 -0.699999988 -0.0375000015 -0.032343749 -0.699999988 -0.0375000015 -0.032343749 -0.649999976 -0.0375000015 -0.0587109365 -0.649999976 0 -0.0579609387 -0.699999988 -0.0375000015 -0.032343749 -0.649999976 0 -0.0579609387 -0.699999988 0 -0.0315937512 -0.699999988 0 -0.0315937512 -0.649999976 0 -0.0579609387 -0.649999976 0.0375000015 -0.0587109365 -0.699999988 0 -0.0315937512 -0.649999976 0.0375000015 -0.0587109365 -0.699999988 0.0375000015 -0.032343749 -0.699999988 0.0375000015 -0.032343749 -0.649999976 0.0375000015 -0.0587109365 -0.649999976 0.075000003 -0.0609609373 -0.699999988 0.0375000015 -0.032343749 -0.649999976 0.075000003 -0.0609609373 -0.699999988 0.075000003 -0.0345937498 -0.699999988 0.075000003 -0.0345937498 -0.649999976 0.075000003 -0.0609609373 -0.649999976 0.112499997 -0.0647109374 -0.699999988 0.075000003 -0.0345937498 -0.649999976 0.112499997 -0.0647109374 -0.699999988 0.112499997 -0.0383437499 -0.699999988 0.112499997 -0.0383437499 -0.649999976 0.112499997 -0.0647109374 -0.649999976 0.150000006 -0.0699609369 -0.699999988 0.112499997 -0.0383437499 -0.649999976 0.150000006 -0.0699609369 -0.699999988 0.150000006 -0.0435937494 -0.699999988 0.150000006 -0.0435937494 -0.649999976 0.150000006 -0.0699609369 -0.649999976 0.1875 -0.0767109394 -0.699999988 0.150000006 -0.0435937494 -0.649999976 0.1875 -0.0767109394 -0.699999988 0.1875 -0.0503437482 -0.699999988 0.1875 -0.0503437482 -0.649999976 0.1875 -0.0767109394 -0.649999976 0.224999994 -0.0849609375 -0.699999988 0.1875 -0.0503437482 -0.649999976 0.224999994 -0.0849609375 -0.699999988 0.224999994 -0.05859375 -0.649999976 -0.224999994 -0.0849609375 -0.600000024 -0.224999994 -0.109375 -0.600000024 -0.1875 -0.101125002 -0.649999976 -0.224999994 -0.0849609375 -0.600000024 -0.1875 -0.101125002 -0.649999976 -0.1875 -0.0767109394 -0.649999976 -0.1875 -0.0767109394 -0.600000024 -0.1875 -0.101125002 -0.600000024 -0.150000006 -0.0943749994 -0.649999976 -0.1875 -0.0767109394 -0.600000024 -0.150000006 -0.0943749994 -0.649999976 -0.150000006 -0.0699609369 -0.649999976 -0.150000006 -0.0699609369 -0.600000024 -0.150000006 -0.0943749994 -0.600000024 -0.112499997 -0.0891249999 -0.649999976 -0.150000006 -0.0699609369 -0.600000024 -0.112499997 -0.0891249999 -0.649999976 -0.112499997 -0.0647109374 -0.649999976 -0.112499997 -0.0647109374 -0.600000024 -0.112499997 -0.0891249999 -0.600000024 -0.075000003 -0.0853750035 -0.649999976 -0.112499997 -0.0647109374 -0.600000024 -0.075000003 -0.0853750035 -0.649999976 -0.075000003 -0.0609609373 -0.649999976 -0.075000003 -0.0609609373 -0.600000024 -0.075000003 -0.0853750035 -0.600000024 -0.0375000015 -0.0831250027 -0.649999976 -0.075000003 -0.0609609373 -0.600000024 -0.0375000015 -0.0831250027 -0.649999976 -0.0375000015 -0.0587109365 -0.649999976 -0.0375000015 -0.0587109365 -0.600000024 -0.0375000015 -0.0831250027 -0.600000024 0 -0.0823749974 -0.649999976 -0.0375000015 -0.0587109365 -0.600000024 0 -0.0823749974 -0.649999976 0 -0.0579609387 -0.649999976 0 -0.0579609387 -0.600000024 0 -0.0823749974 -0.600000024 0.0375000015 -0.0831250027 -0.649999976 0 -0.0579609387 -0.600000024 0.0375000015 -0.0831250027 -0.649999976 0.0375000015 -0.0587109365 -0.649999976 0.0375000015 -0.0587109365 -0.600000024 0.0375000015 -0.0831250027 -0.600000024 0.075000003 -0.0853750035 -0.649999976 0.0375000015 -0.0587109365 -0.600000024 0.075000003 -0.0853750035 -0.649999976 0.075000003 -0.0609609373 -0.649999976 0.075000003 -0.0609609373 -0.600000024 0.075000003 -0.0853750035 -0.600000024 0.112499997 -0.0891249999 -0.649999976 0.075000003 -0.0609609373 -0.600000024 0.112499997 -0.0891249999 -0.649999976 0.112499997 -0.0647109374 -0.649999976 0.112499997 -0.0647109374 -0.600000024 0.112499997 -0.0891249999 -0.600000024 0.150000006 -0.0943749994 -0.649999976 0.112499997 -0.0647109374 -0.600000024 0.150000006 -0.0943749994 -0.649999976 0.150000006 -0.0699609369 -0.649999976 0.150000006 -0.0699609369 -0.600000024 0.150000006 -0.0943749994 -0.600000024 0.1875 -0.101125002 -0.649999976 0.150000006 -0.0699609369 -0.600000024 0.1875 -0.101125002 -0.649999976 0.1875 -0.0767109394 -0.649999976 0.1875 -0.0767109394 -0.600000024 0.1875 -0.101125002 -0.600000024 0.224999994 -0.109375 -0.649999976 0.1875 -0.0767109394 -0.600000024 0.224999994 -0.109375 -0.649999976 0.224999994 -0.0849609375 -0.600000024 -0.224999994 -0.109375 -0.550000012 -0.224999994 -0.131835938 -0.550000012 -0.1875 -0.123585939 -0.600000024 -0.224999994 -0.109375 -0.550000012 -0.1875 -0.123585939 -0.600000024 -0.1875 -0.101125002 -0.600000024 -0.1875 -0.101125002 -0.550000012 -0.1875 -0.123585939 -0.550000012 -0.150000006 -0.116835937 -0.600000024 -0.1875 -0.101125002 -0.550000012 -0.150000006 -0.116835937 -0.600000024 -0.150000006 -0.0943749994 -0.600000024 -0.150000006 -0.0943749994 -0.550000012 -0.150000006 -0.116835937 -0.550000012 -0.112499997 -0.111585937 -0.600000024 -0.150000006 -0.0943749994 -0.550000012 -0.112499997 -0.111585937 -0.600000024 -0.112499997 -0.0891249999 -0.600000024 -0.112499997 -0.0891249999 -0.550000012 -0.112499997 -0.111585937 -0.550000012 -0.075000003 -0.107835941 -0.600000024 -0.112499997 -0.0891249999 -0.550000012 -0.075000003 -0.107835941 -0.600000024 -0.075000003 -0.0853750035 -0.600000024 -0.075000003 -0.0853750035 -0.550000012 -0.075000003 -0.107835941 -0.550000012 -0.0375000015 -0.10558594 -0.600000024 -0.075000003 -0.0853750035 -0.550000012 -0.0375000015 -0.10558594 -0.600000024 -0.0375000015 -0.0831250027 -0.600000024 -0.0375000015 -0.0831250027 -0.550000012 -0.0375000015 -0.10558594 -0.550000012 0 -0.104835935 -0.600000024 -0.0375000015 -0.0831250027 -0.550000012 0 -0.104835935 -0.600000024 0 -0.0823749974 -0.600000024 0 -0.0823749974 -0.550000012 0 -0.104835935 -0.550000012 0.0375000015 -0.10558594 -0.600000024 0 -0.0823749974 -0.550000012 0.0375000015 -0.10558594 -0.600000024 0.0375000015 -0.0831250027 -0.600000024 0.0375000015 -0.0831250027 -0.550000012 0.0375000015 -0.10558594 -0.550000012 0.075000003 -0.107835941 -0.600000024 0.0375000015 -0.0831250027 -0.550000012 0.075000003 -0.107835941 -0.600000024 0.075000003 -0.0853750035 -0.600000024 0.075000003 -0.0853750035 -0.550000012 0.075000003 -0.107835941 -0.550000012 0.112499997 -0.111585937 -0.600000024 0.075000003 -0.0853750035 -0.550000012 0.112499997 -0.111585937 -0.600000024 0.112499997 -0.0891249999 -0.600000024 0.112499997 -0.0891249999 -0.550000012 0.112499997 -0.111585937 -0.550000012 0.150000006 -0.116835937 -0.600000024 0.112499997 -0.0891249999 -0.550000012 0.150000006 -0.116835937 -0.600000024 0.150000006 -0.0943749994 -0.600000024 0.150000006 -0.0943749994 -0.550000012 0.150000006 -0.116835937 -0.550000012 0.1875 -0.123585939 -0.600000024 0.150000006 -0.0943749994 -0.550000012 0.1875 -0.123585939 -0.600000024 0.1875 -0.101125002 -0.600000024 0.1875 -0.101125002 -0.550000012 0.1875 -0.123585939 -0.550000012 0.224999994 -0.131835938 -0.600000024 0.1875 -0.101125002 -0.550000012 0.224999994 -0.131835938 -0.600000024 0.224999994 -0.109375 -0.550000012 -0.224999994 -0.131835938 -0.5 -0.224999994 -0.15234375 -0.5 -0.1875 -0.144093752 -0.550000012 -0.224999994 -0.131835938 -0.5 -0.1875 -0.144093752 -0.550000012 -0.1875 -0.123585939 -0.550000012 -0.1875 -0.123585939 -0.5 -0.1875 -0.144093752 -0.5 -0.150000006 -0.137343749 -0.550000012 -0.1875 -0.123585939 -0.5 -0.150000006 -0.137343749 -0.550000012 -0.150000006 -0.116835937 -0.550000012 -0.150000006 -0.116835937 -0.5 -0.150000006 -0.137343749 -0.5 -0.112499997 -0.132093757 -0.550000012 -0.150000006 -0.116835937 -0.5 -0.112499997 -0.132093757 -0.550000012 -0.112499997 -0.111585937 -0.550000012 -0.112499997 -0.111585937 -0.5 -0.112499997 -0.132093757 -0.5 -0.075000003 -0.128343746 -0.550000012 -0.112499997 -0.111585937 -0.5 -0.075000003 -0.128343746 -0.550000012 -0.075000003 -0.107835941 -0.550000012 -0.075000003 -0.107835941 -0.5 -0.075000003 -0.128343746 -0.5 -0.0375000015 -0.126093745 -0.550000012 -0.075000003 -0.107835941 -0.5 -0.0375000015 -0.126093745 -0.550000012 -0.0375000015 -0.10558594 -0.550000012 -0.0375000015 -0.10558594 -0.5 -0.0375000015 -0.126093745 -0.5 0 -0.125343755 -0.550000012 -0.0375000015 -0.10558594 -0.5 0 -0.125343755 -0.550000012 0 -0.104835935 -0.550000012 0 -0.104835935 -0.5 0 -0.125343755 -0.5 0.0375000015 -0.126093745 -0.550000012 0 -0.104835935 -0.5 0.0375000015 -0.126093745 -0.550000012 0.0375000015 -0.10558594 -0.550000012 0.0375000015 -0.10558594 -0.5 0.0375000015 -0.126093745 -0.5 0.075000003 -0.128343746 -0.550000012 0.0375000015 -0.10558594 -0.5 0.075000003 -0.128343746 -0.550000012 0.075000003 -0.107835941 -0.550000012 0.075000003 -0.107835941 -0.5 0.075000003 -0.128343746 -0.5 0.112499997 -0.132093757 -0.550000012 0.075000003 -0.107835941 -0.5 0.112499997 -0.132093757 -0.550000012 0.112499997 -0.111585937 -0.550000012 0.112499997 -0.111585937 -0.5 0.112499997 -0.132093757 -0.5 0.150000006 -0.137343749 -0.550000012 0.112499997 -0.111585937 -0.5 0.150000006 -0.137343749 -0.550000012 0.150000006 -0.116835937 -0.550000012 0.150000006 -0.116835937 -0.5 0.150000006 -0.137343749 -0.5 0.1875 -0.144093752 -0.550000012 0.150000006 -0.116835937 -0.5 0.1875 -0.144093752 -0.550000012 0.1875 -0.123585939 -0.550000012 0.1875 -0.123585939 -0.5 0.1875 -0.144093752 -0.5 0.224999994 -0.15234375 -0.550000012 0.1875 -0.123585939 -0.5 0.224999994 -0.15234375 -0.550000012 0.224999994 -0.131835938 -0.5 -0.224999994 -0.15234375 -0.449999988 -0.224999994 -0.170898438 -0.449999988 -0.1875 -0.162648439 -0.5 -0.224999994 -0.15234375 -0.449999988 -0.1875 -0.162648439 -0.5 -0.1875 -0.144093752 -0.5 -0.1875 -0.144093752 -0.449999988 -0.1875 -0.162648439 -0.449999988 -0.150000006 -0.155898437 -0.5 -0.1875 -0.144093752 -0.449999988 -0.150000006 -0.155898437 -0.5 -0.150000006 -0.137343749 -0.5 -0.150000006 -0.137343749 -0.449999988 -0.150000006 -0.155898437 -0.449999988 -0.112499997 -0.150648445 -0.5 -0.150000006 -0.137343749 -0.449999988 -0.112499997 -0.150648445 -0.5 -0.112499997 -0.132093757 -0.5 -0.112499997 -0.132093757 -0.449999988 -0.112499997 -0.150648445 -0.449999988 -0.075000003 -0.146898434 -0.5 -0.112499997 -0.132093757 -0.449999988 -0.075000003 -0.146898434 -0.5 -0.075000003 -0.128343746 -0.5 -0.075000003 -0.128343746 -0.449999988 -0.075000003 -0.146898434 -0.449999988 -0.0375000015 -0.144648433 -0.5 -0.075000003 -0.128343746 -0.449999988 -0.0375000015 -0.144648433 -0.5 -0.0375000015 -0.126093745 -0.5 -0.0375000015 -0.126093745 -0.449999988 -0.0375000015 -0.144648433 -0.449999988 0 -0.143898442 -0.5 -0.0375000015 -0.126093745 -0.449999988 0 -0.143898442 -0.5 0 -0.125343755 -0.5 0 -0.125343755 -0.449999988 0 -0.143898442 -0.449999988 0.0375000015 -0.144648433 -0.5 0 -0.125343755 -0.449999988 0.0375000015 -0.144648433 -0.5 0.0375000015 -0.126093745 -0.5 0.0375000015 -0.126093745 -0.449999988 0.0375000015 -0.144648433 -0.449999988 0.075000003 -0.146898434 -0.5 0.0375000015 -0.126093745 -0.449999988 0.075000003 -0.146898434 -0.5 0.075000003 -0.128343746 -0.5 0.075000003 -0.128343746 -0.449999988 0.075000003 -0.146898434 -0.449999988 0.112499997 -0.150648445 -0.5 0.075000003 -0.128343746 -0.449999988 0.112499997 -0.150648445 -0.5 0.112499997 -0.132093757 -0.5 0.112499997 -0.132093757 -0.449999988 0.112499997 -0.150648445 -0.449999988 0.150000006 -0.155898437 -0.5 0.112499997 -0.132093757 -0.449999988 0.150000006 -0.155898437 -0.5 0.150000006 -0.137343749 -0.5 0.150000006 -0.137343749 -0.449999988 0.150000006 -0.155898437 -0.449999988 0.1875 -0.162648439 -0.5 0.150000006 -0.137343749 -0.449999988 0.1875 -0.162648439 -0.5 0.1875 -0.144093752 -0.5 0.1875 -0.144093752 -0.449999988 0.1875 -0.162648439 -0.449999988 0.224999994 -0.170898438 -0.5 0.1875 -0.144093752 -0.449999988 0.224999994 -0.170898438 -0.5 0.224999994 -0.15234375 -0.449999988 -0.224999994 -0.170898438 -0.400000006 -0.224999994 -0.1875 -0.400000006 -0.1875 -0.179250002 -0.449999988 -0.224999994 -0.170898438 -0.400000006 -0.1875 -0.179250002 -0.449999988 -0.1875 -0.162648439 -0.449999988 -0.1875 -0.162648439 -0.400000006 -0.1875 -0.179250002 -0.400000006 -0.150000006 -0.172499999 -0.449999988 -0.1875 -0.162648439 -0.400000006 -0.150000006 -0.172499999 -0.449999988 -0.150000006 -0.155898437 -0.449999988 -0.150000006 -0.155898437 -0.400000006 -0.150000006 -0.172499999 -0.400000006 -0.112499997 -0.167250007 -0.449999988 -0.150000006 -0.155898437 -0.400000006 -0.112499997 -0.167250007 -0.449999988 -0.112499997 -0.150648445 -0.449999988 -0.112499997 -0.150648445 -0.400000006 -0.112499997 -0.167250007 -0.400000006 -0.075000003 -0.163499996 -0.449999988 -0.112499997 -0.150648445 -0.400000006 -0.075000003 -0.163499996 -0.449999988 -0.075000003 -0.146898434 -0.449999988 -0.075000003 -0.146898434 -0.400000006 -0.075000003 -0.163499996 -0.400000006 -0.0375000015 -0.161249995 -0.449999988 -0.075000003 -0.146898434 -0.400000006 -0.0375000015 -0.161249995 -0.449999988 -0.0375000015 -0.144648433 -0.449999988 -0.0375000015 -0.144648433 -0.400000006 -0.0375000015 -0.161249995 -0.400000006 0 -0.160500005 -0.449999988 -0.0375000015 -0.144648433 -0.400000006 0 -0.160500005 -0.449999988 0 -0.143898442 -0.449999988 0 -0.143898442 -0.400000006 0 -0.160500005 -0.400000006 0.0375000015 -0.161249995 -0.449999988 0 -0.143898442 -0.400000006 0.0375000015 -0.161249995 -0.449999988 0.0375000015 -0.144648433 -0.449999988 0.0375000015 -0.144648433 -0.400000006 0.0375000015 -0.161249995 -0.400000006 0.075000003 -0.163499996 -0.449999988 0.0375000015 -0.144648433 -0.400000006 0.075000003 -0.163499996 -0.449999988 0.075000003 -0.146898434 -0.449999988 0.075000003 -0.146898434 -0.400000006 0.075000003 -0.163499996 -0.400000006 0.112499997 -0.167250007 -0.449999988 0.075000003 -0.146898434 -0.400000006 0.112499997 -0.167250007 -0.449999988 0.112499997 -0.150648445 -0.449999988 0.112499997 -0.150648445 -0.400000006 0.112499997 -0.167250007 -0.400000006 0.150000006 -0.172499999 -0.449999988 0.112499997 -0.150648445 -0.400000006 0.150000006 -0.172499999 -0.449999988 0.150000006 -0.155898437 -0.449999988 0.150000006 -0.155898437 -0.400000006 0.150000006 -0.172499999 -0.400000006 0.1875 -0.179250002 -0.449999988 0.150000006 -0.155898437 -0.400000006 0.1875 -0.179250002 -0.449999988 0.1875 -0.162648439 -0.449999988 0.1875 -0.162648439 -0.400000006 0.1875 -0.179250002 -0.400000006 0.224999994 -0.1875 -0.449999988 0.1875 -0.162648439 -0.400000006 0.224999994 -0.1875 -0.449999988 0.224999994 -0.170898438 -0.400000006 -0.224999994 -0.1875 -0.349999994 -0.224999994 -0.202148438 -0.349999994 -0.1875 -0.193898439 -0.400000006 -0.224999994 -0.1875 -0.349999994 -0.1875 -0.193898439 -0.400000006 -0.1875 -0.179250002 -0.400000006 -0.1875 -0.179250002 -0.349999994 -0.1875 -0.193898439 -0.349999994 -0.150000006 -0.187148437 -0.400000006 -0.1875 -0.179250002 -0.349999994 -0.150000006 -0.187148437 -0.400000006 -0.150000006 -0.172499999 -0.400000006 -0.150000006 -0.172499999 -0.349999994 -0.150000006 -0.187148437 -0.349999994 -0.112499997 -0.181898445 -0.400000006 -0.150000006 -0.172499999 -0.349999994 -0.112499997 -0.181898445 -0.400000006 -0.112499997 -0.167250007 -0.400000006 -0.112499997 -0.167250007 -0.349999994 -0.112499997 -0.181898445 -0.349999994 -0.075000003 -0.178148434 -0.400000006 -0.112499997 -0.167250007 -0.349999994 -0.075000003 -0.178148434 -0.400000006 -0.075000003 -0.163499996 -0.400000006 -0.075000003 -0.163499996 -0.349999994 -0.075000003 -0.178148434 -0.349999994 -0.0375000015 -0.175898433 -0.400000006 -0.075000003 -0.163499996 -0.349999994 -0.0375000015 -0.175898433 -0.400000006 -0.0375000015 -0.161249995 -0.400000006 -0.0375000015 -0.161249995 -0.349999994 -0.0375000015 -0.175898433 -0.349999994 0 -0.175148442 -0.400000006 -0.0375000015 -0.161249995 -0.349999994 0 -0.175148442 -0.400000006 0 -0.160500005 -0.400000006 0 -0.160500005 -0.349999994 0 -0.175148442 -0.349999994 0.0375000015 -0.175898433 -0.400000006 0 -0.160500005 -0.349999994 0.0375000015 -0.175898433 -0.400000006 0.0375000015 -0.161249995 -0.400000006 0.0375000015 -0.161249995 -0.349999994 0.0375000015 -0.175898433 -0.349999994 0.075000003 -0.178148434 -0.400000006 0.0375000015 -0.161249995 -0.349999994 0.075000003 -0.178148434 -0.400000006 0.075000003 -0.163499996 -0.400000006 0.075000003 -0.163499996 -0.349999994 0.075000003 -0.178148434 -0.349999994 0.112499997 -0.181898445 -0.400000006 0.075000003 -0.163499996 -0.349999994 0.112499997 -0.181898445 -0.400000006 0.112499997 -0.167250007 -0.400000006 0.112499997 -0.167250007 -0.349999994 0.112499997 -0.181898445 -0.349999994 0.150000006 -0.187148437 -0.400000006 0.112499997 -0.167250007 -0.349999994 0.150000006 -0.187148437 -0.400000006 0.150000006 -0.172499999 -0.400000006 0.150000006 -0.172499999 -0.349999994 0.150000006 -0.187148437 -0.349999994 0.1875 -0.193898439 -0.400000006 0.150000006 -0.172499999 -0.349999994 0.1875 -0.193898439 -0.400000006 0.1875 -0.179250002 -0.400000006 0.1875 -0.179250002 -0.349999994 0.1875 -0.193898439 -0.349999994 0.224999994 -0.202148438 -0.400000006 0.1875 -0.179250002 -0.349999994 0.224999994 -0.202148438 -0.400000006 0.224999994 -0.1875 -0.349999994 -0.224999994 -0.202148438 -0.300000012 -0.224999994 -0.21484375 -0.300000012 -0.1875 -0.206593752 -0.349999994 -0.224999994 -0.202148438 -0.300000012 -0.1875 -0.206593752 -0.349999994 -0.1875 -0.193898439 -0.349999994 -0.1875 -0.193898439 -0.300000012 -0.1875 -0.206593752 -0.300000012 -0.150000006 -0.199843749 -0.349999994 -0.1875 -0.193898439 -0.300000012 -0.150000006 -0.199843749 -0.349999994 -0.150000006 -0.187148437 -0.349999994 -0.150000006 -0.187148437 -0.300000012 -0.150000006 -0.199843749 -0.300000012 -0.112499997 -0.194593757 -0.349999994 -0.150000006 -0.187148437 -0.300000012 -0.112499997 -0.194593757 -0.349999994 -0.112499997 -0.181898445 -0.349999994 -0.112499997 -0.181898445 -0.300000012 -0.112499997 -0.194593757 -0.300000012 -0.075000003 -0.190843746 -0.349999994 -0.112499997 -0.181898445 -0.300000012 -0.075000003 -0.190843746 -0.349999994 -0.075000003 -0.178148434 -0.349999994 -0.075000003 -0.178148434 -0.300000012 -0.075000003 -0.190843746 -0.300000012 -0.0375000015 -0.188593745 -0.349999994 -0.075000003 -0.178148434 -0.300000012 -0.0375000015 -0.188593745 -0.349999994 -0.0375000015 -0.175898433 -0.349999994 -0.0375000015 -0.175898433 -0.300000012 -0.0375000015 -0.188593745 -0.300000012 0 -0.187843755 -0.349999994 -0.0375000015 -0.175898433 -0.300000012 0 -0.187843755 -0.349999994 0 -0.175148442 -0.349999994 0 -0.175148442 -0.300000012 0 -0.187843755 -0.300000012 0.0375000015 -0.188593745 -0.349999994 0 -0.175148442 -0.300000012 0.0375000015 -0.188593745 -0.349999994 0.0375000015 -0.175898433 -0.349999994 0.0375000015 -0.175898433 -0.300000012 0.0375000015 -0.188593745 -0.300000012 0.075000003 -0.190843746 -0.349999994 0.0375000015 -0.175898433 -0.300000012 0.075000003 -0.190843746 -0.349999994 0.075000003 -0.178148434 -0.349999994 0.075000003 -0.178148434 -0.300000012 0.075000003 -0.190843746 -0.300000012 0.112499997 -0.194593757 -0.349999994 0.075000003 -0.178148434 -0.300000012 0.112499997 -0.194593757 -0.349999994 0.112499997 -0.181898445 -0.349999994 0.112499997 -0.181898445 -0.300000012 0.112499997 -0.194593757 -0.300000012 0.150000006 -0.199843749 -0.349999994 0.112499997 -0.181898445 -0.300000012 0.150000006 -0.199843749 -0.349999994 0.150000006 -0.187148437 -0.349999994 0.150000006 -0.187148437 -0.300000012 0.150000006 -0.199843749 -0.300000012 0.1875 -0.206593752 -0.349999994 0.150000006 -0.187148437 -0.300000012 0.1875 -0.206593752 -0.349999994 0.1875 -0.193898439 -0.349999994 0.1875 -0.193898439 -0.300000012 0.1875 -0.206593752 -0.300000012 0.224999994 -0.21484375 -0.349999994 0.1875 -0.193898439 -0.300000012 0.224999994 -0.21484375 -0.349999994 0.224999994 -0.202148438 -0.300000012 -0.224999994 -0.21484375 -0.25 -0.224999994 -0.225585938 -0.25 -0.1875 -0.217335939 -0.300000012 -0.224999994 -0.21484375 -0.25 -0.1875 -0.217335939 -0.300000012 -0.1875 -0.206593752 -0.300000012 -0.1875 -0.206593752 -0.25 -0.1875 -0.217335939 -0.25 -0.150000006 -0.210585937 -0.300000012 -0.1875 -0.206593752 -0.25 -0.150000006 -0.210585937 -0.300000012 -0.150000006 -0.199843749 -0.300000012 -0.150000006 -0.199843749 -0.25 -0.150000006 -0.210585937 -0.25 -0.112499997 -0.205335945 -0.300000012 -0.150000006 -0.199843749 -0.25 -0.112499997 -0.205335945 -0.300000012 -0.112499997 -0.194593757 -0.300000012 -0.112499997 -0.194593757 -0.25 -0.112499997 -0.205335945 -0.25 -0.075000003 -0.201585934 -0.300000012 -0.112499997 -0.194593757 -0.25 -0.075000003 -0.201585934 -0.300000012 -0.075000003 -0.190843746 -0.300000012 -0.075000003 -0.190843746 -0.25 -0.075000003 -0.201585934 -0.25 -0.0375000015 -0.199335933 -0.300000012 -0.075000003 -0.190843746 -0.25 -0.0375000015 -0.199335933 -0.300000012 -0.0375000015 -0.188593745 -0.300000012 -0.0375000015 -0.188593745 -0.25 -0.0375000015 -0.199335933 -0.25 0 -0.198585942 -0.300000012 -0.0375000015 -0.188593745 -0.25 0 -0.198585942 -0.300000012 0 -0.187843755 -0.300000012 0 -0.187843755 -0.25 0 -0.198585942 -0.25 0.0375000015 -0.199335933 -0.300000012 0 -0.187843755 -0.25 0.0375000015 -0.199335933 -0.300000012 0.0375000015 -0.188593745 -0.300000012 0.0375000015 -0.188593745 -0.25 0.0375000015 -0.199335933 -0.25 0.075000003 -0.201585934 -0.300000012 0.0375000015 -0.188593745 -0.25 0.075000003 -0.201585934 -0.300000012 0.075000003 -0.190843746 -0.300000012 0.075000003 -0.190843746 -0.25 0.075000003 -0.201585934 -0.25 0.112499997 -0.205335945 -0.300000012 0.075000003 -0.190843746 -0.25 0.112499997 -0.205335945 -0.300000012 0.112499997 -0.194593757 -0.300000012 0.112499997 -0.194593757 -0.25 0.112499997 -0.205335945 -0.25 0.150000006 -0.210585937 -0.300000012 0.112499997 -0.194593757 -0.25 0.150000006 -0.210585937 -0.300000012 0.150000006 -0.199843749 -0.300000012 0.150000006 -0.199843749 -0.25 0.150000006 -0.210585937 -0.25 0.1875 -0.217335939 -0.300000012 0.150000006 -0.199843749 -0.25 0.1875 -0.217335939 -0.300000012 0.1875 -0.206593752 -0.300000012 0.1875 -0.206593752 -0.25 0.1875 -0.217335939 -0.25 0.224999994 -0.225585938 -0.300000012 0.1875 -0.206593752 -0.25 0.224999994 -0.225585938 -0.300000012 0.224999994 -0.21484375 -0.25 -0.224999994 -0.225585938 -0.200000003 -0.224999994 -0.234375 -0.200000003 -0.1875 -0.226125002 -0.25 -0.224999994 -0.225585938 -0.200000003 -0.1875 -0.226125002 -0.25 -0.1875 -0.217335939 -0.25 -0.1875 -0.217335939 -0.200000003 -0.1875 -0.226125002 -0.200000003 -0.150000006 -0.219374999 -0.25 -0.1875 -0.217335939 -0.200000003 -0.150000006 -0.219374999 -0.25 -0.150000006 -0.210585937 -0.25 -0.150000006 -0.210585937 -0.200000003 -0.150000006 -0.219374999 -0.200000003 -0.112499997 -0.214125007 -0.25 -0.150000006 -0.210585937 -0.200000003 -0.112499997 -0.214125007 -0.25 -0.112499997 -0.205335945 -0.25 -0.112499997 -0.205335945 -0.200000003 -0.112499997 -0.214125007 -0.200000003 -0.075000003 -0.210374996 -0.25 -0.112499997 -0.205335945 -0.200000003 -0.075000003 -0.210374996 -0.25 -0.075000003 -0.201585934 -0.25 -0.075000003 -0.201585934 -0.200000003 -0.075000003 -0.210374996 -0.200000003 -0.0375000015 -0.208124995 -0.25 -0.075000003 -0.201585934 -0.200000003 -0.0375000015 -0.208124995 -0.25 -0.0375000015 -0.199335933 -0.25 -0.0375000015 -0.199335933 -0.200000003 -0.0375000015 -0.208124995 -0.200000003 0 -0.207375005 -0.25 -0.0375000015 -0.199335933 -0.200000003 0 -0.207375005 -0.25 0 -0.198585942 -0.25 0 -0.198585942 -0.200000003 0 -0.207375005 -0.200000003 0.0375000015 -0.208124995 -0.25 0 -0.198585942 -0.200000003 0.0375000015 -0.208124995 -0.25 0.0375000015 -0.199335933 -0.25 0.0375000015 -0.199335933 -0.200000003 0.0375000015 -0.208124995 -0.200000003 0.075000003 -0.210374996 -0.25 0.0375000015 -0.199335933 -0.200000003 0.075000003 -0.210374996 -0.25 0.075000003 -0.201585934 -0.25 0.075000003 -0.201585934 -0.200000003 0.075000003 -0.210374996 -0.200000003 0.112499997 -0.214125007 -0.25 0.075000003 -0.201585934 -0.200000003 0.112499997 -0.214125007 -0.25 0.112499997 -0.205335945 -0.25 0.112499997 -0.205335945 -0.200000003 0.112499997 -0.214125007 -0.200000003 0.150000006 -0.219374999 -0.25 0.112499997 -0.205335945 -0.200000003 0.150000006 -0.219374999 -0.25 0.150000006 -0.210585937 -0.25 0.150000006 -0.210585937 -0.200000003 0.150000006 -0.219374999 -0.200000003 0.1875 -0.226125002 -0.25 0.150000006 -0.210585937 -0.200000003 0.1875 -0.226125002 -0.25 0.1875 -0.217335939 -0.25 0.1875 -0.217335939 -0.200000003 0.1875 -0.226125002 -0.200000003 0.224999994 -0.234375 -0.25 0.1875 -0.217335939 -0.200000003 0.224999994 -0.234375 -0.25 0.224999994 -0.225585938 -0.200000003 -0.224999994 -0.234375 -0.150000006 -0.224999994 -0.241210938 -0.150000006 -0.1875 -0.232960939 -0.200000003 -0.224999994 -0.234375 -0.150000006 -0.1875 -0.232960939 -0.200000003 -0.1875 -0.226125002 -0.200000003 -0.1875 -0.226125002 -0.150000006 -0.1875 -0.232960939 -0.150000006 -0.150000006 -0.226210937 -0.200000003 -0.1875 -0.226125002 -0.150000006 -0.150000006 -0.226210937 -0.200000003 -0.150000006 -0.219374999 -0.200000003 -0.150000006 -0.219374999 -0.150000006 -0.150000006 -0.226210937 -0.150000006 -0.112499997 -0.220960945 -0.200000003 -0.150000006 -0.219374999 -0.150000006 -0.112499997 -0.220960945 -0.200000003 -0.112499997 -0.214125007 -0.200000003 -0.112499997 -0.214125007 -0.150000006 -0.112499997 -0.220960945 -0.150000006 -0.075000003 -0.217210934 -0.200000003 -0.112499997 -0.214125007 -0.150000006 -0.075000003 -0.217210934 -0.200000003 -0.075000003 -0.210374996 -0.200000003 -0.075000003 -0.210374996 -0.150000006 -0.075000003 -0.217210934 -0.150000006 -0.0375000015 -0.214960933 -0.200000003 -0.075000003 -0.210374996 -0.150000006 -0.0375000015 -0.214960933 -0.200000003 -0.0375000015 -0.208124995 -0.200000003 -0.0375000015 -0.208124995 -0.150000006 -0.0375000015 -0.214960933 -0.150000006 0 -0.214210942 -0.200000003 -0.0375000015 -0.208124995 -0.150000006 0 -0.214210942 -0.200000003 0 -0.207375005 -0.200000003 0 -0.207375005 -0.150000006 0 -0.214210942 -0.150000006 0.0375000015 -0.214960933 -0.200000003 0 -0.207375005 -0.150000006 0.0375000015 -0.214960933 -0.200000003 0.0375000015 -0.208124995 -0.200000003 0.0375000015 -0.208124995 -0.150000006 0.0375000015 -0.214960933 -0.150000006 0.075000003 -0.217210934 -0.200000003 0.0375000015 -0.208124995 -0.150000006 0.075000003 -0.217210934 -0.200000003 0.075000003 -0.210374996 -0.200000003 0.075000003 -0.210374996 -0.150000006 0.075000003 -0.217210934 -0.150000006 0.112499997 -0.220960945 -0.200000003 0.075000003 -0.210374996 -0.150000006 0.112499997 -0.220960945 -0.200000003 0.112499997 -0.214125007 -0.200000003 0.112499997 -0.214125007 -0.150000006 0.112499997 -0.220960945 -0.150000006 0.150000006 -0.226210937 -0.200000003 0.112499997 -0.214125007 -0.150000006 0.150000006 -0.226210937 -0.200000003 0.150000006 -0.219374999 -0.200000003 0.150000006 -0.219374999 -0.150000006 0.150000006 -0.226210937 -0.150000006 0.1875 -0.232960939 -0.200000003 0.150000006 -0.219374999 -0.150000006 0.1875 -0.232960939 -0.200000003 0.1875 -0.226125002 -0.200000003 0.1875 -0.226125002 -0.150000006 0.1875 -0.232960939 -0.150000006 0.224999994 -0.241210938 -0.200000003 0.1875 -0.226125002 -0.150000006 0.224999994 -0.241210938 -0.200000003 0.224999994 -0.234375 -0.150000006 -0.224999994 -0.241210938 -0.100000001 -0.224999994 -0.24609375 -0.100000001 -0.1875 -0.237843752 -0.150000006 -0.224999994 -0.241210938 -0.100000001 -0.1875 -0.237843752 -0.150000006 -0.1875 -0.232960939 -0.150000006 -0.1875 -0.232960939 -0.100000001 -0.1875 -0.237843752 -0.100000001 -0.150000006 -0.231093749 -0.150000006 -0.1875 -0.232960939 -0.100000001 -0.150000006 -0.231093749 -0.150000006 -0.150000006 -0.226210937 -0.150000006 -0.150000006 -0.226210937 -0.100000001 -0.150000006 -0.231093749 -0.100000001 -0.112499997 -0.225843757 -0.150000006 -0.150000006 -0.226210937 -0.100000001 -0.112499997 -0.225843757 -0.150000006 -0.112499997 -0.220960945 -0.150000006 -0.112499997 -0.220960945 -0.100000001 -0.112499997 -0.225843757 -0.100000001 -0.075000003 -0.222093746 -0.150000006 -0.112499997 -0.220960945 -0.100000001 -0.075000003 -0.222093746 -0.150000006 -0.075000003 -0.217210934 -0.150000006 -0.075000003 -0.217210934 -0.100000001 -0.075000003 -0.222093746 -0.100000001 -0.0375000015 -0.219843745 -0.150000006 -0.075000003 -0.217210934 -0.100000001 -0.0375000015 -0.219843745 -0.150000006 -0.0375000015 -0.214960933 -0.150000006 -0.0375000015 -0.214960933 -0.100000001 -0.0375000015 -0.219843745 -0.100000001 0 -0.219093755 -0.150000006 -0.0375000015 -0.214960933 -0.100000001 0 -0.219093755 -0.150000006 0 -0.214210942 -0.150000006 0 -0.214210942 -0.100000001 0 -0.219093755 -0.100000001 0.0375000015 -0.219843745 -0.150000006 0 -0.214210942 -0.100000001 0.0375000015 -0.219843745 -0.150000006 0.0375000015 -0.214960933 -0.150000006 0.0375000015 -0.214960933 -0.100000001 0.0375000015 -0.219843745 -0.100000001 0.075000003 -0.222093746 -0.150000006 0.0375000015 -0.214960933 -0.100000001 0.075000003 -0.222093746 -0.150000006 0.075000003 -0.217210934 -0.150000006 0.075000003 -0.217210934 -0.100000001 0.075000003 -0.222093746 -0.100000001 0.112499997 -0.225843757 -0.150000006 0.075000003 -0.217210934 -0.100000001 0.112499997 -0.225843757 -0.150000006 0.112499997 -0.220960945 -0.150000006 0.112499997 -0.220960945 -0.100000001 0.112499997 -0.225843757 -0.100000001 0.150000006 -0.231093749 -0.150000006 0.112499997 -0.220960945 -0.100000001 0.150000006 -0.231093749 -0.150000006 0.150000006 -0.226210937 -0.150000006 0.150000006 -0.226210937 -0.100000001 0.150000006 -0.231093749 -0.100000001 0.1875 -0.237843752 -0.150000006 0.150000006 -0.226210937 -0.100000001 0.1875 -0.237843752 -0.150000006 0.1875 -0.232960939 -0.150000006 0.1875 -0.232960939 -0.100000001 0.1875 -0.237843752 -0.100000001 0.224999994 -0.24609375 -0.150000006 0.1875 -0.232960939 -0.100000001 0.224999994 -0.24609375 -0.150000006 0.224999994 -0.241210938 -0.100000001 -0.224999994 -0.24609375 -0.0500000007 -0.224999994 -0.249023438 -0.0500000007 -0.1875 -0.240773439 -0.100000001 -0.224999994 -0.24609375 -0.0500000007 -0.1875 -0.240773439 -0.100000001 -0.1875 -0.237843752 -0.100000001 -0.1875 -0.237843752 -0.0500000007 -0.1875 -0.240773439 -0.0500000007 -0.150000006 -0.234023437 -0.100000001 -0.1875 -0.237843752 -0.0500000007 -0.150000006 -0.234023437 -0.100000001 -0.150000006 -0.231093749 -0.100000001 -0.150000006 -0.231093749 -0.0500000007 -0.150000006 -0.234023437 -0.0500000007 -0.112499997 -0.228773445 -0.100000001 -0.150000006 -0.231093749 -0.0500000007 -0.112499997 -0.228773445 -0.100000001 -0.112499997 -0.225843757 -0.100000001 -0.112499997 -0.225843757 -0.0500000007 -0.112499997 -0.228773445 -0.0500000007 -0.075000003 -0.225023434 -0.100000001 -0.112499997 -0.225843757 -0.0500000007 -0.075000003 -0.225023434 -0.100000001 -0.075000003 -0.222093746 -0.100000001 -0.075000003 -0.222093746 -0.0500000007 -0.075000003 -0.225023434 -0.0500000007 -0.0375000015 -0.222773433 -0.100000001 -0.075000003 -0.222093746 -0.0500000007 -0.0375000015 -0.222773433 -0.100000001 -0.0375000015 -0.219843745 -0.100000001 -0.0375000015 -0.219843745 -0.0500000007 -0.0375000015 -0.222773433 -0.0500000007 0 -0.222023442 -0.100000001 -0.0375000015 -0.219843745 -0.0500000007 0 -0.222023442 -0.100000001 0 -0.219093755 -0.100000001 0 -0.219093755 -0.0500000007 0 -0.222023442 -0.0500000007 0.0375000015 -0.222773433 -0.100000001 0 -0.219093755 -0.0500000007 0.0375000015 -0.222773433 -0.100000001 0.0375000015 -0.219843745 -0.100000001 0.0375000015 -0.219843745 -0.0500000007 0.0375000015 -0.222773433 -0.0500000007 0.075000003 -0.225023434 -0.100000001 0.0375000015 -0.219843745 -0.0500000007 0.075000003 -0.225023434 -0.100000001 0.075000003 -0.222093746 -0.100000001 0.075000003 -0.222093746 -0.0500000007 0.075000003 -0.225023434 -0.0500000007 0.112499997 -0.228773445 -0.100000001 0.075000003 -0.222093746 -0.0500000007 0.112499997 -0.228773445 -0.100000001 0.112499997 -0.225843757 -0.100000001 0.112499997 -0.225843757 -0.0500000007 0.112499997 -0.228773445 -0.0500000007 0.150000006 -0.234023437 -0.100000001 0.112499997 -0.225843757 -0.0500000007 0.150000006 -0.234023437 -0.100000001 0.150000006 -0.231093749 -0.100000001 0.150000006 -0.231093749 -0.0500000007 0.150000006 -0.234023437 -0.0500000007 0.1875 -0.240773439 -0.100000001 0.150000006 -0.231093749 -0.0500000007 0.1875 -0.240773439 -0.100000001 0.1875 -0.237843752 -0.100000001 0.1875 -0.237843752 -0.0500000007 0.1875 -0.240773439 -0.0500000007 0.224999994 -0.249023438 -0.100000001 0.1875 -0.237843752 -0.0500000007 0.224999994 -0.249023438 -0.100000001 0.224999994 -0.24609375 -0.0500000007 -0.224999994 -0.249023438 0 -0.224999994 -0.25 0 -0.1875 -0.241750002 -0.0500000007 -0.224999994 -0.249023438 0 -0.1875 -0.241750002 -0.0500000007 -0.1875 -0.240773439 -0.0500000007 -0.1875 -0.240773439 0 -0.1875 -0.241750002 0 -0.150000006 -0.234999999 -0.0500000007 -0.1875 -0.240773439 0 -0.150000006 -0.234999999 -0.0500000007 -0.150000006 -0.234023437 -0.0500000007 -0.150000006 -0.234023437 0 -0.150000006 -0.234999999 0 -0.112499997 -0.229750007 -0.0500000007 -0.150000006 -0.234023437 0 -0.112499997 -0.229750007 -0.0500000007 -0.112499997 -0.228773445 -0.0500000007 -0.112499997 -0.228773445 0 -0.112499997 -0.229750007 0 -0.075000003 -0.225999996 -0.0500000007 -0.112499997 -0.228773445 0 -0.075000003 -0.225999996 -0.0500000007 -0.075000003 -0.225023434 -0.0500000007 -0.075000003 -0.225023434 0 -0.075000003 -0.225999996 0 -0.0375000015 -0.223749995 -0.0500000007 -0.075000003 -0.225023434 0 -0.0375000015 -0.223749995 -0.0500000007 -0.0375000015 -0.222773433 -0.0500000007 -0.0375000015 -0.222773433 0 -0.0375000015 -0.223749995 0 0 -0.223000005 -0.0500000007 -0.0375000015 -0.222773433 0 0 -0.223000005 -0.0500000007 0 -0.222023442 -0.0500000007 0 -0.222023442 0 0 -0.223000005 0 0.0375000015 -0.223749995 -0.0500000007 0 -0.222023442 0 0.0375000015 -0.223749995 -0.0500000007 0.0375000015 -0.222773433 -0.0500000007 0.0375000015 -0.222773433 0 0.0375000015 -0.223749995 0 0.075000003 -0.225999996 -0.0500000007 0.0375000015 -0.222773433 0 0.075000003 -0.225999996 -0.0500000007 0.075000003 -0.225023434 -0.0500000007 0.075000003 -0.225023434 0 0.075000003 -0.225999996 0 0.112499997 -0.229750007 -0.0500000007 0.075000003 -0.225023434 0 0.112499997 -0.229750007 -0.0500000007 0.112499997 -0.228773445 -0.0500000007 0.112499997 -0.228773445 0 0.112499997 -0.229750007 0 0.150000006 -0.234999999 -0.0500000007 0.112499997 -0.228773445 0 0.150000006 -0.234999999 -0.0500000007 0.150000006 -0.234023437 -0.0500000007 0.150000006 -0.234023437 0 0.150000006 -0.234999999 0 0.1875 -0.241750002 -0.0500000007 0.150000006 -0.234023437 0 0.1875 -0.241750002 -0.0500000007 0.1875 -0.240773439 -0.0500000007 0.1875 -0.240773439 0 0.1875 -0.241750002 0 0.224999994 -0.25 -0.0500000007 0.1875 -0.240773439 0 0.224999994 -0.25 -0.0500000007 0.224999994 -0.249023438 0 -0.224999994 -0.25 0.0500000007 -0.224999994 -0.249023438 0.0500000007 -0.1875 -0.240773439 0 -0.224999994 -0.25 0.0500000007 -0.1875 -0.240773439 0 -0.1875 -0.241750002 0 -0.1875 -0.241750002 0.0500000007 -0.1875 -0.240773439 0.0500000007 -0.150000006 -0.234023437 0 -0.1875 -0.241750002 0.0500000007 -0.150000006 -0.234023437 0 -0.150000006 -0.234999999 0 -0.150000006 -0.234999999 0.0500000007 -0.150000006 -0.234023437 0.0500000007 -0.112499997 -0.228773445 0 -0.150000006 -0.234999999 0.0500000007 -0.112499997 -0.228773445 0 -0.112499997 -0.229750007 0 -0.112499997 -0.229750007 0.0500000007 -0.112499997 -0.228773445 0.0500000007 -0.075000003 -0.225023434 0 -0.112499997 -0.229750007 0.0500000007 -0.075000003 -0.225023434 0 -0.075000003 -0.225999996 0 -0.075000003 -0.225999996 0.0500000007 -0.075000003 -0.225023434 0.0500000007 -0.0375000015 -0.222773433 0 -0.075000003 -0.225999996 0.0500000007 -0.0375000015 -0.222773433 0 -0.0375000015 -0.223749995 0 -0.0375000015 -0.223749995 0.0500000007 -0.0375000015 -0.222773433 0.0500000007 0 -0.222023442 0 -0.0375000015 -0.223749995 0.0500000007 0 -0.222023442 0 0 -0.223000005 0 0 -0.223000005 0.0500000007 0 -0.222023442 0.0500000007 0.0375000015 -0.222773433 0 0 -0.223000005 0.0500000007 0.0375000015 -0.222773433 0 0.0375000015 -0.223749995 0 0.0375000015 -0.223749995 0.0500000007 0.0375000015 -0.222773433 0.0500000007 0.075000003 -0.225023434 0 0.0375000015 -0.223749995 0.0500000007 0.075000003 -0.225023434 0 0.075000003 -0.225999996 0 0.075000003 -0.225999996 0.0500000007 0.075000003 -0.225023434 0.0500000007 0.112499997 -0.228773445 0 0.075000003 -0.225999996 0.0500000007 0.112499997 -0.228773445 0 0.112499997 -0.229750007 0 0.112499997 -0.229750007 0.0500000007 0.112499997 -0.228773445 0.0500000007 0.150000006 -0.234023437 0 0.112499997 -0.229750007 0.0500000007 0.150000006 -0.234023437 0 0.150000006 -0.234999999 0 0.150000006 -0.234999999 0.0500000007 0.150000006 -0.234023437 0.0500000007 0.1875 -0.240773439 0 0.150000006 -0.234999999 0.0500000007 0.1875 -0.240773439 0 0.1875 -0.241750002 0 0.1875 -0.241750002 0.0500000007 0.1875 -0.240773439 0.0500000007 0.224999994 -0.249023438 0 0.1875 -0.241750002 0.0500000007 0.224999994 -0.249023438 0 0.224999994 -0.25 0.0500000007 -0.224999994 -0.249023438 0.100000001 -0.224999994 -0.24609375 0.100000001 -0.1875 -0.237843752 0.0500000007 -0.224999994 -0.249023438 0.100000001 -0.1875 -0.237843752 0.0500000007 -0.1875 -0.240773439 0.0500000007 -0.1875 -0.240773439 0.100000001 -0.1875 -0.237843752 0.100000001 -0.150000006 -0.231093749 0.0500000007 -0.1875 -0.240773439 0.100000001 -0.150000006 -0.231093749 0.0500000007 -0.150000006 -0.234023437 0.0500000007 -0.150000006 -0.234023437 0.100000001 -0.150000006 -0.231093749 0.100000001 -0.112499997 -0.225843757 0.0500000007 -0.150000006 -0.234023437 0.100000001 -0.112499997 -0.225843757 0.0500000007 -0.112499997 -0.228773445 0.0500000007 -0.112499997 -0.228773445 0.100000001 -0.112499997 -0.225843757 0.100000001 -0.075000003 -0.222093746 0.0500000007 -0.112499997 -0.228773445 0.100000001 -0.075000003 -0.222093746 0.0500000007 -0.075000003 -0.225023434 0.0500000007 -0.075000003 -0.225023434 0.100000001 -0.075000003 -0.222093746 0.100000001 -0.0375000015 -0.219843745 0.0500000007 -0.075000003 -0.225023434 0.100000001 -0.0375000015 -0.219843745 0.0500000007 -0.0375000015 -0.222773433 0.0500000007 -0.0375000015 -0.222773433 0.100000001 -0.0375000015 -0.219843745 0.100000001 0 -0.219093755 0.0500000007 -0.0375000015 -0.222773433 0.100000001 0 -0.219093755 0.0500000007 0 -0.222023442 0.0500000007 0 -0.222023442 0.100000001 0 -0.219093755 0.100000001 0.0375000015 -0.219843745 0.0500000007 0 -0.222023442 0.100000001 0.0375000015 -0.219843745 0.0500000007 0.0375000015 -0.222773433 0.0500000007 0.0375000015 -0.222773433 0.100000001 0.0375000015 -0.219843745 0.100000001 0.075000003 -0.222093746 0.0500000007 0.0375000015 -0.222773433 0.100000001 0.075000003 -0.222093746 0.0500000007 0.075000003 -0.225023434 0.0500000007 0.075000003 -0.225023434 0.100000001 0.075000003 -0.222093746 0.100000001 0.112499997 -0.225843757 0.0500000007 0.075000003 -0.225023434 0.100000001 0.112499997 -0.225843757 0.0500000007 0.112499997 -0.228773445 0.0500000007 0.112499997 -0.228773445 0.100000001 0.112499997 -0.225843757 0.100000001 0.150000006 -0.231093749 0.0500000007 0.112499997 -0.228773445 0.100000001 0.150000006 -0.231093749 0.0500000007 0.150000006 -0.234023437 0.0500000007 0.150000006 -0.234023437 0.100000001 0.150000006 -0.231093749 0.100000001 0.1875 -0.237843752 0.0500000007 0.150000006 -0.234023437 0.100000001 0.1875 -0.237843752 0.0500000007 0.1875 -0.240773439 0.0500000007 0.1875 -0.240773439 0.100000001 0.1875 -0.237843752 0.100000001 0.224999994 -0.24609375 0.0500000007 0.1875 -0.240773439 0.100000001 0.224999994 -0.24609375 0.0500000007 0.224999994 -0.249023438 0.100000001 -0.224999994 -0.24609375 0.150000006 -0.224999994 -0.241210938 0.150000006 -0.1875 -0.232960939 0.100000001 -0.224999994 -0.24609375 0.150000006 -0.1875 -0.232960939 0.100000001 -0.1875 -0.237843752 0.100000001 -0.1875 -0.237843752 0.150000006 -0.1875 -0.232960939 0.150000006 -0.150000006 -0.226210937 0.100000001 -0.1875 -0.237843752 0.150000006 -0.150000006 -0.226210937 0.100000001 -0.150000006 -0.231093749 0.100000001 -0.150000006 -0.231093749 0.150000006 -0.150000006 -0.226210937 0.150000006 -0.112499997 -0.220960945 0.100000001 -0.150000006 -0.231093749 0.150000006 -0.112499997 -0.220960945 0.100000001 -0.112499997 -0.225843757 0.100000001 -0.112499997 -0.225843757 0.150000006 -0.112499997 -0.220960945 0.150000006 -0.075000003 -0.217210934 0.100000001 -0.112499997 -0.225843757 0.150000006 -0.075000003 -0.217210934 0.100000001 -0.075000003 -0.222093746 0.100000001 -0.075000003 -0.222093746 0.150000006 -0.075000003 -0.217210934 0.150000006 -0.0375000015 -0.214960933 0.100000001 -0.075000003 -0.222093746 0.150000006 -0.0375000015 -0.214960933 0.100000001 -0.0375000015 -0.219843745 0.100000001 -0.0375000015 -0.219843745 0.150000006 -0.0375000015 -0.214960933 0.150000006 0 -0.214210942 0.100000001 -0.0375000015 -0.219843745 0.150000006 0 -0.214210942 0.100000001 0 -0.219093755 0.100000001 0 -0.219093755 0.150000006 0 -0.214210942 0.150000006 0.0375000015 -0.214960933 0.100000001 0 -0.219093755 0.150000006 0.0375000015 -0.214960933 0.100000001 0.0375000015 -0.219843745 0.100000001 0.0375000015 -0.219843745 0.150000006 0.0375000015 -0.214960933 0.150000006 0.075000003 -0.217210934 0.100000001 0.0375000015 -0.219843745 0.150000006 0.075000003 -0.217210934 0.100000001 0.075000003 -0.222093746 0.100000001 0.075000003 -0.222093746 0.150000006 0.075000003 -0.217210934 0.150000006 0.112499997 -0.220960945 0.100000001 0.075000003 -0.222093746 0.150000006 0.112499997 -0.220960945 0.100000001 0.112499997 -0.225843757 0.100000001 0.112499997 -0.225843757 0.150000006 0.112499997 -0.220960945 0.150000006 0.150000006 -0.226210937 0.100000001 0.112499997 -0.225843757 0.150000006 0.150000006 -0.226210937 0.100000001 0.150000006 -0.231093749 0.100000001 0.150000006 -0.231093749 0.150000006 0.150000006 -0.226210937 0.150000006 0.1875 -0.232960939 0.100000001 0.150000006 -0.231093749 0.150000006 0.1875 -0.232960939 0.100000001 0.1875 -0.237843752 0.100000001 0.1875 -0.237843752 0.150000006 0.1875 -0.232960939 0.150000006 0.224999994 -0.241210938 0.100000001 0.1875 -0.237843752 0.150000006 0.224999994 -0.241210938 0.100000001 0.224999994 -0.24609375 0.150000006 -0.224999994 -0.241210938 0.200000003 -0.224999994 -0.234375 0.200000003 -0.1875 -0.226125002 0.150000006 -0.224999994 -0.241210938 0.200000003 -0.1875 -0.226125002 0.150000006 -0.1875 -0.232960939 0.150000006 -0.1875 -0.232960939 0.200000003 -0.1875 -0.226125002 0.200000003 -0.150000006 -0.219374999 0.150000006 -0.1875 -0.232960939 0.200000003 -0.150000006 -0.219374999 0.150000006 -0.150000006 -0.226210937 0.150000006 -0.150000006 -0.226210937 0.200000003 -0.150000006 -0.219374999 0.200000003 -0.112499997 -0.214125007 0.150000006 -0.150000006 -0.226210937 0.200000003 -0.112499997 -0.214125007 0.150000006 -0.112499997 -0.220960945 0.150000006 -0.112499997 -0.220960945 0.200000003 -0.112499997 -0.214125007 0.200000003 -0.075000003 -0.210374996 0.150000006 -0.112499997 -0.220960945 0.200000003 -0.075000003 -0.210374996 0.150000006 -0.075000003 -0.217210934 0.150000006 -0.075000003 -0.217210934 0.200000003 -0.075000003 -0.210374996 0.200000003 -0.0375000015 -0.208124995 0.150000006 -0.075000003 -0.217210934 0.200000003 -0.0375000015 -0.208124995 0.150000006 -0.0375000015 -0.214960933 0.150000006 -0.0375000015 -0.214960933 0.200000003 -0.0375000015 -0.208124995 0.200000003 0 -0.207375005 0.150000006 -0.0375000015 -0.214960933 0.200000003 0 -0.207375005 0.150000006 0 -0.214210942 0.150000006 0 -0.214210942 0.200000003 0 -0.207375005 0.200000003 0.0375000015 -0.208124995 0.150000006 0 -0.214210942 0.200000003 0.0375000015 -0.208124995 0.150000006 0.0375000015 -0.214960933 0.150000006 0.0375000015 -0.214960933 0.200000003 0.0375000015 -0.208124995 0.200000003 0.075000003 -0.210374996 0.150000006 0.0375000015 -0.214960933 0.200000003 0.075000003 -0.210374996 0.150000006 0.075000003 -0.217210934 0.150000006 0.075000003 -0.217210934 0.200000003 0.075000003 -0.210374996 0.200000003 0.112499997 -0.214125007 0.150000006 0.075000003 -0.217210934 0.200000003 0.112499997 -0.214125007 0.150000006 0.112499997 -0.220960945 0.150000006 0.112499997 -0.220960945 0.200000003 0.112499997 -0.214125007 0.200000003 0.150000006 -0.219374999 0.150000006 0.112499997 -0.220960945 0.200000003 0.150000006 -0.219374999 0.150000006 0.150000006 -0.226210937 0.150000006 0.150000006 -0.226210937 0.200000003 0.150000006 -0.219374999 0.200000003 0.1875 -0.226125002 0.150000006 0.150000006 -0.226210937 0.200000003 0.1875 -0.226125002 0.150000006 0.1875 -0.232960939 0.150000006 0.1875 -0.232960939 0.200000003 0.1875 -0.226125002 0.200000003 0.224999994 -0.234375 0.150000006 0.1875 -0.232960939 0.200000003 0.224999994 -0.234375 0.150000006 0.224999994 -0.241210938 0.200000003 -0.224999994 -0.234375 0.25 -0.224999994 -0.225585938 0.25 -0.1875 -0.217335939 0.200000003 -0.224999994 -0.234375 0.25 -0.1875 -0.217335939 0.200000003 -0.1875 -0.226125002 0.200000003 -0.1875 -0.226125002 0.25 -0.1875 -0.217335939 0.25 -0.150000006 -0.210585937 0.200000003 -0.1875 -0.226125002 0.25 -0.150000006 -0.210585937 0.200000003 -0.150000006 -0.219374999 0.200000003 -0.150000006 -0.219374999 0.25 -0.150000006 -0.210585937 0.25 -0.112499997 -0.205335945 0.200000003 -0.150000006 -0.219374999 0.25 -0.112499997 -0.205335945 0.200000003 -0.112499997 -0.214125007 0.200000003 -0.112499997 -0.214125007 0.25 -0.112499997 -0.205335945 0.25 -0.075000003 -0.201585934 0.200000003 -0.112499997 -0.214125007 0.25 -0.075000003 -0.201585934 0.200000003 -0.075000003 -0.210374996 0.200000003 -0.075000003 -0.210374996 0.25 -0.075000003 -0.201585934 0.25 -0.0375000015 -0.199335933 0.200000003 -0.075000003 -0.210374996 0.25 -0.0375000015 -0.199335933 0.200000003 -0.0375000015 -0.208124995 0.200000003 -0.0375000015 -0.208124995 0.25 -0.0375000015 -0.199335933 0.25 0 -0.198585942 0.200000003 -0.0375000015 -0.208124995 0.25 0 -0.198585942 0.200000003 0 -0.207375005 0.200000003 0 -0.207375005 0.25 0 -0.198585942 0.25 0.0375000015 -0.199335933 0.200000003 0 -0.207375005 0.25 0.0375000015 -0.199335933 0.200000003 0.0375000015 -0.208124995 0.200000003 0.0375000015 -0.208124995 0.25 0.0375000015 -0.199335933 0.25 0.075000003 -0.201585934 0.200000003 0.0375000015 -0.208124995 0.25 0.075000003 -0.201585934 0.200000003 0.075000003 -0.210374996 0.200000003 0.075000003 -0.210374996 0.25 0.075000003 -0.201585934 0.25 0.112499997 -0.205335945 0.200000003 0.075000003 -0.210374996 0.25 0.112499997 -0.205335945 0.200000003 0.112499997 -0.214125007 0.200000003 0.112499997 -0.214125007 0.25 0.112499997 -0.205335945 0.25 0.150000006 -0.210585937 0.200000003 0.112499997 -0.214125007 0.25 0.150000006 -0.210585937 0.200000003 0.150000006 -0.219374999 0.200000003 0.150000006 -0.219374999 0.25 0.150000006 -0.210585937 0.25 0.1875 -0.217335939 0.200000003 0.150000006 -0.219374999 0.25 0.1875 -0.217335939 0.200000003 0.1875 -0.226125002 0.200000003 0.1875 -0.226125002 0.25 0.1875 -0.217335939 0.25 0.224999994 -0.225585938 0.200000003 0.1875 -0.226125002 0.25 0.224999994 -0.225585938 0.200000003 0.224999994 -0.234375 0.25 -0.224999994 -0.225585938 0.300000012 -0.224999994 -0.21484375 0.300000012 -0.1875 -0.206593752 0.25 -0.224999994 -0.225585938 0.300000012 -0.1875 -0.206593752 0.25 -0.1875 -0.217335939 0.25 -0.1875 -0.217335939 0.300000012 -0.1875 -0.206593752 0.300000012 -0.150000006 -0.199843749 0.25 -0.1875 -0.217335939 0.300000012 -0.150000006 -0.199843749 0.25 -0.150000006 -0.210585937 0.25 -0.150000006 -0.210585937 0.300000012 -0.150000006 -0.199843749 0.300000012 -0.112499997 -0.194593757 0.25 -0.150000006 -0.210585937 0.300000012 -0.112499997 -0.194593757 0.25 -0.112499997 -0.205335945 0.25 -0.112499997 -0.205335945 0.300000012 -0.112499997 -0.194593757 0.300000012 -0.075000003 -0.190843746 0.25 -0.112499997 -0.205335945 0.300000012 -0.075000003 -0.190843746 0.25 -0.075000003 -0.201585934 0.25 -0.075000003 -0.201585934 0.300000012 -0.075000003 -0.190843746 0.300000012 -0.0375000015 -0.188593745 0.25 -0.075000003 -0.201585934 0.300000012 -0.0375000015 -0.188593745 0.25 -0.0375000015 -0.199335933 0.25 -0.0375000015 -0.199335933 0.300000012 -0.0375000015 -0.188593745 0.300000012 0 -0.187843755 0.25 -0.0375000015 -0.199335933 0.300000012 0 -0.187843755 0.25 0 -0.198585942 0.25 0 -0.198585942 0.300000012 0 -0.187843755 0.300000012 0.0375000015 -0.188593745 0.25 0 -0.198585942 0.300000012 0.0375000015 -0.188593745 0.25 0.0375000015 -0.199335933 0.25 0.0375000015 -0.199335933 0.300000012 0.0375000015 -0.188593745 0.300000012 0.075000003 -0.190843746 0.25 0.0375000015 -0.199335933 0.300000012 0.075000003 -0.190843746 0.25 0.075000003 -0.201585934 0.25 0.075000003 -0.201585934 0.300000012 0.075000003 -0.190843746 0.300000012 0.112499997 -0.194593757 0.25 0.075000003 -0.201585934 0.300000012 0.112499997 -0.194593757 0.25 0.112499997 -0.205335945 0.25 0.112499997 -0.205335945 0.300000012 0.112499997 -0.194593757 0.300000012 0.150000006 -0.199843749 0.25 0.112499997 -0.205335945 0.300000012 0.150000006 -0.199843749 0.25 0.150000006 -0.210585937 0.25 0.150000006 -0.210585937 0.300000012 0.150000006 -0.199843749 0.300000012 0.1875 -0.206593752 0.25 0.150000006 -0.210585937 0.300000012 0.1875 -0.206593752 0.25 0.1875 -0.217335939 0.25 0.1875 -0.217335939 0.300000012 0.1875 -0.206593752 0.300000012 0.224999994 -0.21484375 0.25 0.1875 -0.217335939 0.300000012 0.224999994 -0.21484375 0.25 0.224999994 -0.225585938 0.300000012 -0.224999994 -0.21484375 0.349999994 -0.224999994 -0.202148438 0.349999994 -0.1875 -0.193898439 0.300000012 -0.224999994 -0.21484375 0.349999994 -0.1875 -0.193898439 0.300000012 -0.1875 -0.206593752 0.300000012 -0.1875 -0.206593752 0.349999994 -0.1875 -0.193898439 0.349999994 -0.150000006 -0.187148437 0.300000012 -0.1875 -0.206593752 0.349999994 -0.150000006 -0.187148437 0.300000012 -0.150000006 -0.199843749 0.300000012 -0.150000006 -0.199843749 0.349999994 -0.150000006 -0.187148437 0.349999994 -0.112499997 -0.181898445 0.300000012 -0.150000006 -0.199843749 0.349999994 -0.112499997 -0.181898445 0.300000012 -0.112499997 -0.194593757 0.300000012 -0.112499997 -0.194593757 0.349999994 -0.112499997 -0.181898445 0.349999994 -0.075000003 -0.178148434 0.300000012 -0.112499997 -0.194593757 0.349999994 -0.075000003 -0.178148434 0.300000012 -0.075000003 -0.190843746 0.300000012 -0.075000003 -0.190843746 0.349999994 -0.075000003 -0.178148434 0.349999994 -0.0375000015 -0.175898433 0.300000012 -0.075000003 -0.190843746 0.349999994 -0.0375000015 -0.175898433 0.300000012 -0.0375000015 -0.188593745 0.300000012 -0.0375000015 -0.188593745 0.349999994 -0.0375000015 -0.175898433 0.349999994 0 -0.175148442 0.300000012 -0.0375000015 -0.188593745 0.349999994 0 -0.175148442 0.300000012 0 -0.187843755 0.300000012 0 -0.187843755 0.349999994 0 -0.175148442 0.349999994 0.0375000015 -0.175898433 0.300000012 0 -0.187843755 0.349999994 0.0375000015 -0.175898433 0.300000012 0.0375000015 -0.188593745 0.300000012 0.0375000015 -0.188593745 0.349999994 0.0375000015 -0.175898433 0.349999994 0.075000003 -0.178148434 0.300000012 0.0375000015 -0.188593745 0.349999994 0.075000003 -0.178148434 0.300000012 0.075000003 -0.190843746 0.300000012 0.075000003 -0.190843746 0.349999994 0.075000003 -0.178148434 0.349999994 0.112499997 -0.181898445 0.300000012 0.075000003 -0.190843746 0.349999994 0.112499997 -0.181898445 0.300000012 0.112499997 -0.194593757 0.300000012 0.112499997 -0.194593757 0.349999994 0.112499997 -0.181898445 0.349999994 0.150000006 -0.187148437 0.300000012 0.112499997 -0.194593757 0.349999994 0.150000006 -0.187148437 0.300000012 0.150000006 -0.199843749 0.300000012 0.150000006 -0.199843749 0.349999994 0.150000006 -0.187148437 0.349999994 0.1875 -0.193898439 0.300000012 0.150000006 -0.199843749 0.349999994 0.1875 -0.193898439 0.300000012 0.1875 -0.206593752 0.300000012 0.1875 -0.206593752 0.349999994 0.1875 -0.193898439 0.349999994 0.224999994 -0.202148438 0.300000012 0.1875 -0.206593752 0.349999994 0.224999994 -0.202148438 0.300000012 0.224999994 -0.21484375 0.349999994 -0.224999994 -0.202148438 0.400000006 -0.224999994 -0.1875 0.400000006 -0.1875 -0.179250002 0.349999994 -0.224999994 -0.202148438 0.400000006 -0.1875 -0.179250002 0.349999994 -0.1875 -0.193898439 0.349999994 -0.1875 -0.193898439 0.400000006 -0.1875 -0.179250002 0.400000006 -0.150000006 -0.172499999 0.349999994 -0.1875 -0.193898439 0.400000006 -0.150000006 -0.172499999 0.349999994 -0.150000006 -0.187148437 0.349999994 -0.150000006 -0.187148437 0.400000006 -0.150000006 -0.172499999 0.400000006 -0.112499997 -0.167250007 0.349999994 -0.150000006 -0.187148437 0.400000006 -0.112499997 -0.167250007 0.349999994 -0.112499997 -0.181898445 0.349999994 -0.112499997 -0.181898445 0.400000006 -0.112499997 -0.167250007 0.400000006 -0.075000003 -0.163499996 0.349999994 -0.112499997 -0.181898445 0.400000006 -0.075000003 -0.163499996 0.349999994 -0.075000003 -0.178148434 0.349999994 -0.075000003 -0.178148434 0.400000006 -0.075000003 -0.163499996 0.400000006 -0.0375000015 -0.161249995 0.349999994 -0.075000003 -0.178148434 0.400000006 -0.0375000015 -0.161249995 0.349999994 -0.0375000015 -0.175898433 0.349999994 -0.0375000015 -0.175898433 0.400000006 -0.0375000015 -0.161249995 0.400000006 0 -0.160500005 0.349999994 -0.0375000015 -0.175898433 0.400000006 0 -0.160500005 0.349999994 0 -0.175148442 0.349999994 0 -0.175148442 0.400000006 0 -0.160500005 0.400000006 0.0375000015 -0.161249995 0.349999994 0 -0.175148442 0.400000006 0.0375000015 -0.161249995 0.349999994 0.0375000015 -0.175898433 0.349999994 0.0375000015 -0.175898433 0.400000006 0.0375000015 -0.161249995 0.400000006 0.075000003 -0.163499996 0.349999994 0.0375000015 -0.175898433 0.400000006 0.075000003 -0.163499996 0.349999994 0.075000003 -0.178148434 0.349999994 0.075000003 -0.178148434 0.400000006 0.075000003 -0.163499996 0.400000006 0.112499997 -0.167250007 0.349999994 0.075000003 -0.178148434 0.400000006 0.112499997 -0.167250007 0.349999994 0.112499997 -0.181898445 0.349999994 0.112499997 -0.181898445 0.400000006 0.112499997 -0.167250007 0.400000006 0.150000006 -0.172499999 0.349999994 0.112499997 -0.181898445 0.400000006 0.150000006 -0.172499999 0.349999994 0.150000006 -0.187148437 0.349999994 0.150000006 -0.187148437 0.400000006 0.150000006 -0.172499999 0.400000006 0.1875 -0.179250002 0.349999994 0.150000006 -0.187148437 0.400000006 0.1875 -0.179250002 0.349999994 0.1875 -0.193898439 0.349999994 0.1875 -0.193898439 0.400000006 0.1875 -0.179250002 0.400000006 0.224999994 -0.1875 0.349999994 0.1875 -0.193898439 0.400000006 0.224999994 -0.1875 0.349999994 0.224999994 -0.202148438 0.400000006 -0.224999994 -0.1875 0.449999988 -0.224999994 -0.170898438 0.449999988 -0.1875 -0.162648439 0.400000006 -0.224999994 -0.1875 0.449999988 -0.1875 -0.162648439 0.400000006 -0.1875 -0.179250002 0.400000006 -0.1875 -0.179250002 0.449999988 -0.1875 -0.162648439 0.449999988 -0.150000006 -0.155898437 0.400000006 -0.1875 -0.179250002 0.449999988 -0.150000006 -0.155898437 0.400000006 -0.150000006 -0.172499999 0.400000006 -0.150000006 -0.172499999 0.449999988 -0.150000006 -0.155898437 0.449999988 -0.112499997 -0.150648445 0.400000006 -0.150000006 -0.172499999 0.449999988 -0.112499997 -0.150648445 0.400000006 -0.112499997 -0.167250007 0.400000006 -0.112499997 -0.167250007 0.449999988 -0.112499997 -0.150648445 0.449999988 -0.075000003 -0.146898434 0.400000006 -0.112499997 -0.167250007 0.449999988 -0.075000003 -0.146898434 0.400000006 -0.075000003 -0.163499996 0.400000006 -0.075000003 -0.163499996 0.449999988 -0.075000003 -0.146898434 0.449999988 -0.0375000015 -0.144648433 0.400000006 -0.075000003 -0.163499996 0.449999988 -0.0375000015 -0.144648433 0.400000006 -0.0375000015 -0.161249995 0.400000006 -0.0375000015 -0.161249995 0.449999988 -0.0375000015 -0.144648433 0.449999988 0 -0.143898442 0.400000006 -0.0375000015 -0.161249995 0.449999988 0 -0.143898442 0.400000006 0 -0.160500005 0.400000006 0 -0.160500005 0.449999988 0 -0.143898442 0.449999988 0.0375000015 -0.144648433 0.400000006 0 -0.160500005 0.449999988 0.0375000015 -0.144648433 0.400000006 0.0375000015 -0.161249995 0.400000006 0.0375000015 -0.161249995 0.449999988 0.0375000015 -0.144648433 0.449999988 0.075000003 -0.146898434 0.400000006 0.0375000015 -0.161249995 0.449999988 0.075000003 -0.146898434 0.400000006 0.075000003 -0.163499996 0.400000006 0.075000003 -0.163499996 0.449999988 0.075000003 -0.146898434 0.449999988 0.112499997 -0.150648445 0.400000006 0.075000003 -0.163499996 0.449999988 0.112499997 -0.150648445 0.400000006 0.112499997 -0.167250007 0.400000006 0.112499997 -0.167250007 0.449999988 0.112499997 -0.150648445 0.449999988 0.150000006 -0.155898437 0.400000006 0.112499997 -0.167250007 0.449999988 0.150000006 -0.155898437 0.400000006 0.150000006 -0.172499999 0.400000006 0.150000006 -0.172499999 0.449999988 0.150000006 -0.155898437 0.449999988 0.1875 -0.162648439 0.400000006 0.150000006 -0.172499999 0.449999988 0.1875 -0.162648439 0.400000006 0.1875 -0.179250002 0.400000006 0.1875 -0.179250002 0.449999988 0.1875 -0.162648439 0.449999988 0.224999994 -0.170898438 0.400000006 0.1875 -0.179250002 0.449999988 0.224999994 -0.170898438 0.400000006 0.224999994 -0.1875 0.449999988 -0.224999994 -0.170898438 0.5 -0.224999994 -0.15234375 0.5 -0.1875 -0.144093752 0.449999988 -0.224999994 -0.170898438 0.5 -0.1875 -0.144093752 0.449999988 -0.1875 -0.162648439 0.449999988 -0.1875 -0.162648439 0.5 -0.1875 -0.144093752 0.5 -0.150000006 -0.137343749 0.449999988 -0.1875 -0.162648439 0.5 -0.150000006 -0.137343749 0.449999988 -0.150000006 -0.155898437 0.449999988 -0.150000006 -0.155898437 0.5 -0.150000006 -0.137343749 0.5 -0.112499997 -0.132093757 0.449999988 -0.150000006 -0.155898437 0.5 -0.112499997 -0.132093757 0.449999988 -0.112499997 -0.150648445 0.449999988 -0.112499997 -0.150648445 0.5 -0.112499997 -0.132093757 0.5 -0.075000003 -0.128343746 0.449999988 -0.112499997 -0.150648445 0.5 -0.075000003 -0.128343746 0.449999988 -0.075000003 -0.146898434 0.449999988 -0.075000003 -0.146898434 0.5 -0.075000003 -0.128343746 0.5 -0.0375000015 -0.126093745 0.449999988 -0.075000003 -0.146898434 0.5 -0.0375000015 -0.126093745 0.449999988 -0.0375000015 -0.144648433 0.449999988 -0.0375000015 -0.144648433 0.5 -0.0375000015 -0.126093745 0.5 0 -0.125343755 0.449999988 -0.0375000015 -0.144648433 0.5 0 -0.125343755 0.449999988 0 -0.143898442 0.449999988 0 -0.143898442 0.5 0 -0.125343755 0.5 0.0375000015 -0.126093745 0.449999988 0 -0.143898442 0.5 0.0375000015 -0.126093745 0.449999988 0.0375000015 -0.144648433 0.449999988 0.0375000015 -0.144648433 0.5 0.0375000015 -0.126093745 0.5 0.075000003 -0.128343746 0.449999988 0.0375000015 -0.144648433 0.5 0.075000003 -0.128343746 0.449999988 0.075000003 -0.146898434 0.449999988 0.075000003 -0.146898434 0.5 0.075000003 -0.128343746 0.5 0.112499997 -0.132093757 0.449999988 0.075000003 -0.146898434 0.5 0.112499997 -0.132093757 0.449999988 0.112499997 -0.150648445 0.449999988 0.112499997 -0.150648445 0.5 0.112499997 -0.132093757 0.5 0.150000006 -0.137343749 0.449999988 0.112499997 -0.150648445 0.5 0.150000006 -0.137343749 0.449999988 0.150000006 -0.155898437 0.449999988 0.150000006 -0.155898437 0.5 0.150000006 -0.137343749 0.5 0.1875 -0.144093752 0.449999988 0.150000006 -0.155898437 0.5 0.1875 -0.144093752 0.449999988 0.1875 -0.162648439 0.449999988 0.1875 -0.162648439 0.5 0.1875 -0.144093752 0.5 0.224999994 -0.15234375 0.449999988 0.1875 -0.162648439 0.5 0.224999994 -0.15234375 0.449999988 0.224999994 -0.170898438 0.5 -0.224999994 -0.15234375 0.550000012 -0.224999994 -0.131835938 0.550000012 -0.1875 -0.123585939 0.5 -0.224999994 -0.15234375 0.550000012 -0.1875 -0.123585939 0.5 -0.1875 -0.144093752 0.5 -0.1875 -0.144093752 0.550000012 -0.1875 -0.123585939 0.550000012 -0.150000006 -0.116835937 0.5 -0.1875 -0.144093752 0.550000012 -0.150000006 -0.116835937 0.5 -0.150000006 -0.137343749 0.5 -0.150000006 -0.137343749 0.550000012 -0.150000006 -0.116835937 0.550000012 -0.112499997 -0.111585937 0.5 -0.150000006 -0.137343749 0.550000012 -0.112499997 -0.111585937 0.5 -0.112499997 -0.132093757 0.5 -0.112499997 -0.132093757 0.550000012 -0.112499997 -0.111585937 0.550000012 -0.075000003 -0.107835941 0.5 -0.112499997 -0.132093757 0.550000012 -0.075000003 -0.107835941 0.5 -0.075000003 -0.128343746 0.5 -0.075000003 -0.128343746 0.550000012 -0.075000003 -0.107835941 0.550000012 -0.0375000015 -0.10558594 0.5 -0.075000003 -0.128343746 0.550000012 -0.0375000015 -0.10558594 0.5 -0.0375000015 -0.126093745 0.5 -0.0375000015 -0.126093745 0.550000012 -0.0375000015 -0.10558594 0.550000012 0 -0.104835935 0.5 -0.0375000015 -0.126093745 0.550000012 0 -0.104835935 0.5 0 -0.125343755 0.5 0 -0.125343755 0.550000012 0 -0.104835935 0.550000012 0.0375000015 -0.10558594 0.5 0 -0.125343755 0.550000012 0.0375000015 -0.10558594 0.5 0.0375000015 -0.126093745 0.5 0.0375000015 -0.126093745 0.550000012 0.0375000015 -0.10558594 0.550000012 0.075000003 -0.107835941 0.5 0.0375000015 -0.126093745 0.550000012 0.075000003 -0.107835941 0.5 0.075000003 -0.128343746 0.5 0.075000003 -0.128343746 0.550000012 0.075000003 -0.107835941 0.550000012 0.112499997 -0.111585937 0.5 0.075000003 -0.128343746 0.550000012 0.112499997 -0.111585937 0.5 0.112499997 -0.132093757 0.5 0.112499997 -0.132093757 0.550000012 0.112499997 -0.111585937 0.550000012 0.150000006 -0.116835937 0.5 0.112499997 -0.132093757 0.550000012 0.150000006 -0.116835937 0.5 0.150000006 -0.137343749 0.5 0.150000006 -0.137343749 0.550000012 0.150000006 -0.116835937 0.550000012 0.1875 -0.123585939 0.5 0.150000006 -0.137343749 0.550000012 0.1875 -0.123585939 0.5 0.1875 -0.144093752 0.5 0.1875 -0.144093752 0.550000012 0.1875 -0.123585939 0.550000012 0.224999994 -0.131835938 0.5 0.1875 -0.144093752 0.550000012 0.224999994 -0.131835938 0.5 0.224999994 -0.15234375 0.550000012 -0.224999994 -0.131835938 0.600000024 -0.224999994 -0.109375 0.600000024 -0.1875 -0.101125002 0.550000012 -0.224999994 -0.131835938 0.600000024 -0.1875 -0.101125002 0.550000012 -0.1875 -0.123585939 0.550000012 -0.1875 -0.123585939 0.600000024 -0.1875 -0.101125002 0.600000024 -0.150000006 -0.0943749994 0.550000012 -0.1875 -0.123585939 0.600000024 -0.150000006 -0.0943749994 0.550000012 -0.150000006 -0.116835937 0.550000012 -0.150000006 -0.116835937 0.600000024 -0.150000006 -0.0943749994 0.600000024 -0.112499997 -0.0891249999 0.550000012 -0.150000006 -0.116835937 0.600000024 -0.112499997 -0.0891249999 0.550000012 -0.112499997 -0.111585937 0.550000012 -0.112499997 -0.111585937 0.600000024 -0.112499997 -0.0891249999 0.600000024 -0.075000003 -0.0853750035 0.550000012 -0.112499997 -0.111585937 0.600000024 -0.075000003 -0.0853750035 0.550000012 -0.075000003 -0.107835941 0.550000012 -0.075000003 -0.107835941 0.600000024 -0.075000003 -0.0853750035 0.600000024 -0.0375000015 -0.0831250027 0.550000012 -0.075000003 -0.107835941 0.600000024 -0.0375000015 -0.0831250027 0.550000012 -0.0375000015 -0.10558594 0.550000012 -0.0375000015 -0.10558594 0.600000024 -0.0375000015 -0.0831250027 0.600000024 0 -0.0823749974 0.550000012 -0.0375000015 -0.10558594 0.600000024 0 -0.0823749974 0.550000012 0 -0.104835935 0.550000012 0 -0.104835935 0.600000024 0 -0.0823749974 0.600000024 0.0375000015 -0.0831250027 0.550000012 0 -0.104835935 0.600000024 0.0375000015 -0.0831250027 0.550000012 0.0375000015 -0.10558594 0.550000012 0.0375000015 -0.10558594 0.600000024 0.0375000015 -0.0831250027 0.600000024 0.075000003 -0.0853750035 0.550000012 0.0375000015 -0.10558594 0.600000024 0.075000003 -0.0853750035 0.550000012 0.075000003 -0.107835941 0.550000012 0.075000003 -0.107835941 0.600000024 0.075000003 -0.0853750035 0.600000024 0.112499997 -0.0891249999 0.550000012 0.075000003 -0.107835941 0.600000024 0.112499997 -0.0891249999 0.550000012 0.112499997 -0.111585937 0.550000012 0.112499997 -0.111585937 0.600000024 0.112499997 -0.0891249999 0.600000024 0.150000006 -0.0943749994 0.550000012 0.112499997 -0.111585937 0.600000024 0.150000006 -0.0943749994 0.550000012 0.150000006 -0.116835937 0.550000012 0.150000006 -0.116835937 0.600000024 0.150000006 -0.0943749994 0.600000024 0.1875 -0.101125002 0.550000012 0.150000006 -0.116835937 0.600000024 0.1875 -0.101125002 0.550000012 0.1875 -0.123585939 0.550000012 0.1875 -0.123585939 0.600000024 0.1875 -0.101125002 0.600000024 0.224999994 -0.109375 0.550000012 0.1875 -0.123585939 0.600000024 0.224999994 -0.109375 0.550000012 0.224999994 -0.131835938 0.600000024 -0.224999994 -0.109375 0.649999976 -0.224999994 -0.0849609375 0.649999976 -0.1875 -0.0767109394 0.600000024 -0.224999994 -0.109375 0.649999976 -0.1875 -0.0767109394 0.600000024 -0.1875 -0.101125002 0.600000024 -0.1875 -0.101125002 0.649999976 -0.1875 -0.0767109394 0.649999976 -0.150000006 -0.0699609369 0.600000024 -0.1875 -0.101125002 0.649999976 -0.150000006 -0.0699609369 0.600000024 -0.150000006 -0.0943749994 0.600000024 -0.150000006 -0.0943749994 0.649999976 -0.150000006 -0.0699609369 0.649999976 -0.112499997 -0.0647109374 0.600000024 -0.150000006 -0.0943749994 0.649999976 -0.112499997 -0.0647109374 0.600000024 -0.112499997 -0.0891249999 0.600000024 -0.112499997 -0.0891249999 0.649999976 -0.112499997 -0.0647109374 0.649999976 -0.075000003 -0.0609609373 0.600000024 -0.112499997 -0.0891249999 0.649999976 -0.075000003 -0.0609609373 0.600000024 -0.075000003 -0.0853750035 0.600000024 -0.075000003 -0.0853750035 0.649999976 -0.075000003 -0.0609609373 0.649999976 -0.0375000015 -0.0587109365 0.600000024 -0.075000003 -0.0853750035 0.649999976 -0.0375000015 -0.0587109365 0.600000024 -0.0375000015 -0.0831250027 0.600000024 -0.0375000015 -0.0831250027 0.649999976 -0.0375000015 -0.0587109365 0.649999976 0 -0.0579609387 0.600000024 -0.0375000015 -0.0831250027 0.649999976 0 -0.0579609387 0.600000024 0 -0.0823749974 0.600000024 0 -0.0823749974 0.649999976 0 -0.0579609387 0.649999976 0.0375000015 -0.0587109365 0.600000024 0 -0.0823749974 0.649999976 0.0375000015 -0.0587109365 0.600000024 0.0375000015 -0.0831250027 0.600000024 0.0375000015 -0.0831250027 0.649999976 0.0375000015 -0.0587109365 0.649999976 0.075000003 -0.0609609373 0.600000024 0.0375000015 -0.0831250027 0.649999976 0.075000003 -0.0609609373 0.600000024 0.075000003 -0.0853750035 0.600000024 0.075000003 -0.0853750035 0.649999976 0.075000003 -0.0609609373 0.649999976 0.112499997 -0.0647109374 0.600000024 0.075000003 -0.0853750035 0.649999976 0.112499997 -0.0647109374 0.600000024 0.112499997 -0.0891249999 0.600000024 0.112499997 -0.0891249999 0.649999976 0.112499997 -0.0647109374 0.649999976 0.150000006 -0.0699609369 0.600000024 0.112499997 -0.0891249999 0.649999976 0.150000006 -0.0699609369 0.600000024 0.150000006 -0.0943749994 0.600000024 0.150000006 -0.0943749994 0.649999976 0.150000006 -0.0699609369 0.649999976 0.1875 -0.0767109394 0.600000024 0.150000006 -0.0943749994 0.649999976 0.1875 -0.0767109394 0.600000024 0.1875 -0.101125002 0.600000024 0.1875 -0.101125002 0.649999976 0.1875 -0.0767109394 0.649999976 0.224999994 -0.0849609375 0.600000024 0.1875 -0.101125002 0.649999976 0.224999994 -0.0849609375 0.600000024 0.224999994 -0.109375 0.649999976 -0.224999994 -0.0849609375 0.699999988 -0.224999994 -0.05859375 0.699999988 -0.1875 -0.0503437482 0.649999976 -0.224999994 -0.0849609375 0.699999988 -0.1875 -0.0503437482 0.649999976 -0.1875 -0.0767109394 0.649999976 -0.1875 -0.0767109394 0.699999988 -0.1875 -0.0503437482 0.699999988 -0.150000006 -0.0435937494 0.649999976 -0.1875 -0.0767109394 0.699999988 -0.150000006 -0.0435937494 0.649999976 -0.150000006 -0.0699609369 0.649999976 -0.150000006 -0.0699609369 0.699999988 -0.150000006 -0.0435937494 0.699999988 -0.112499997 -0.0383437499 0.649999976 -0.150000006 -0.0699609369 0.699999988 -0.112499997 -0.0383437499 0.649999976 -0.112499997 -0.0647109374 0.649999976 -0.112499997 -0.0647109374 0.699999988 -0.112499997 -0.0383437499 0.699999988 -0.075000003 -0.0345937498 0.649999976 -0.112499997 -0.0647109374 0.699999988 -0.075000003 -0.0345937498 0.649999976 -0.075000003 -0.0609609373 0.649999976 -0.075000003 -0.0609609373 0.699999988 -0.075000003 -0.0345937498 0.699999988 -0.0375000015 -0.032343749 0.649999976 -0.075000003 -0.0609609373 0.699999988 -0.0375000015 -0.032343749 0.649999976 -0.0375000015 -0.0587109365 0.649999976 -0.0375000015 -0.0587109365 0.699999988 -0.0375000015 -0.032343749 0.699999988 0 -0.0315937512 0.649999976 -0.0375000015 -0.0587109365 0.699999988 0 -0.0315937512 0.649999976 0 -0.0579609387 0.649999976 0 -0.0579609387 0.699999988 0 -0.0315937512 0.699999988 0.0375000015 -0.032343749 0.649999976 0 -0.0579609387 0.699999988 0.0375000015 -0.032343749 0.649999976 0.0375000015 -0.0587109365 0.649999976 0.0375000015 -0.0587109365 0.699999988 0.0375000015 -0.032343749 0.699999988 0.075000003 -0.0345937498 0.649999976 0.0375000015 -0.0587109365 0.699999988 0.075000003 -0.0345937498 0.649999976 0.075000003 -0.0609609373 0.649999976 0.075000003 -0.0609609373 0.699999988 0.075000003 -0.0345937498 0.699999988 0.112499997 -0.0383437499 0.649999976 0.075000003 -0.0609609373 0.699999988 0.112499997 -0.0383437499 0.649999976 0.112499997 -0.0647109374 0.649999976 0.112499997 -0.0647109374 0.699999988 0.112499997 -0.0383437499 0.699999988 0.150000006 -0.0435937494 0.649999976 0.112499997 -0.0647109374 0.699999988 0.150000006 -0.0435937494 0.649999976 0.150000006 -0.0699609369 0.649999976 0.150000006 -0.0699609369 0.699999988 0.150000006 -0.0435937494 0.699999988 0.1875 -0.0503437482 0.649999976 0.150000006 -0.0699609369 0.699999988 0.1875 -0.0503437482 0.649999976 0.1875 -0.0767109394 0.649999976 0.1875 -0.0767109394 0.699999988 0.1875 -0.0503437482 0.699999988 0.224999994 -0.05859375 0.649999976 0.1875 -0.0767109394 0.699999988 0.224999994 -0.05859375 0.649999976 0.224999994 -0.0849609375 0.699999988 -0.224999994 -0.05859375 0.75 -0.224999994 -0.0302734375 0.75 -0.1875 -0.0220234375 0.699999988 -0.224999994 -0.05859375 0.75 -0.1875 -0.0220234375 0.699999988 -0.1875 -0.0503437482 0.699999988 -0.1875 -0.0503437482 0.75 -0.1875 -0.0220234375 0.75 -0.150000006 -0.0152734378 0.699999988 -0.1875 -0.0503437482 0.75 -0.150000006 -0.0152734378 0.699999988 -0.150000006 -0.0435937494 0.699999988 -0.150000006 -0.0435937494 0.75 -0.150000006 -0.0152734378 0.75 -0.112499997 -0.0100234374 0.699999988 -0.150000006 -0.0435937494 0.75 -0.112499997 -0.0100234374 0.699999988 -0.112499997 -0.0383437499 0.699999988 -0.112499997 -0.0383437499 0.75 -0.112499997 -0.0100234374 0.75 -0.075000003 -0.00627343729 0.699999988 -0.112499997 -0.0383437499 0.75 -0.075000003 -0.00627343729 0.699999988 -0.075000003 -0.0345937498 0.699999988 -0.075000003 -0.0345937498 0.75 -0.075000003 -0.00627343729 0.75 -0.0375000015 -0.00402343739 0.699999988 -0.075000003 -0.0345937498 0.75 -0.0375000015 -0.00402343739 0.699999988 -0.0375000015 -0.032343749 0.699999988 -0.0375000015 -0.032343749 0.75 -0.0375000015 -0.00402343739 0.75 0 -0.0032734375 0.699999988 -0.0375000015 -0.032343749 0.75 0 -0.0032734375 0.699999988 0 -0.0315937512 0.699999988 0 -0.0315937512 0.75 0 -0.0032734375 0.75 0.0375000015 -0.00402343739 0.699999988 0 -0.0315937512 0.75 0.0375000015 -0.00402343739 0.699999988 0.0375000015 -0.032343749 0.699999988 0.0375000015 -0.032343749 0.75 0.0375000015 -0.00402343739 0.75 0.075000003 -0.00627343729 0.699999988 0.0375000015 -0.032343749 0.75 0.075000003 -0.00627343729 0.699999988 0.075000003 -0.0345937498 0.699999988 0.075000003 -0.0345937498 0.75 0.075000003 -0.00627343729 0.75 0.112499997 -0.0100234374 0.699999988 0.075000003 -0.0345937498 0.75 0.112499997 -0.0100234374 0.699999988 0.112499997 -0.0383437499 0.699999988 0.112499997 -0.0383437499 0.75 0.112499997 -0.0100234374 0.75 0.150000006 -0.0152734378 0.699999988 0.112499997 -0.0383437499 0.75 0.150000006 -0.0152734378 0.699999988 0.150000006 -0.0435937494 0.699999988 0.150000006 -0.0435937494 0.75 0.150000006 -0.0152734378 0.75 0.1875 -0.0220234375 0.699999988 0.150000006 -0.0435937494 0.75 0.1875 -0.0220234375 0.699999988 0.1875 -0.0503437482 0.699999988 0.1875 -0.0503437482 0.75 0.1875 -0.0220234375 0.75 0.224999994 -0.0302734375 0.699999988 0.1875 -0.0503437482 0.75 0.224999994 -0.0302734375 0.699999988 0.224999994 -0.05859375 0.75 -0.224999994 -0.0302734375 0.800000012 -0.224999994 0 0.800000012 -0.1875 0.00824999996 0.75 -0.224999994 -0.0302734375 0.800000012 -0.1875 0.00824999996 0.75 -0.1875 -0.0220234375 0.75 -0.1875 -0.0220234375 0.800000012 -0.1875 0.00824999996 0.800000012 -0.150000006 0.0149999997 0.75 -0.1875 -0.0220234375 0.800000012 -0.150000006 0.0149999997 0.75 -0.150000006 -0.0152734378 0.75 -0.150000006 -0.0152734378 0.800000012 -0.150000006 0.0149999997 0.800000012 -0.112499997 0.0202500001 0.75 -0.150000006 -0.0152734378 0.800000012 -0.112499997 0.0202500001 0.75 -0.112499997 -0.0100234374 0.75 -0.112499997 -0.0100234374 0.800000012 -0.112499997 0.0202500001 0.800000012 -0.075000003 0.0240000002 0.75 -0.112499997 -0.0100234374 0.800000012 -0.075000003 0.0240000002 0.75 -0.075000003 -0.00627343729 0.75 -0.075000003 -0.00627343729 0.800000012 -0.075000003 0.0240000002 0.800000012 -0.0375000015 0.0262499992 0.75 -0.075000003 -0.00627343729 0.800000012 -0.0375000015 0.0262499992 0.75 -0.0375000015 -0.00402343739 0.75 -0.0375000015 -0.00402343739 0.800000012 -0.0375000015 0.0262499992 0.800000012 0 0.0270000007 0.75 -0.0375000015 -0.00402343739 0.800000012 0 0.0270000007 0.75 0 -0.0032734375 0.75 0 -0.0032734375 0.800000012 0 0.0270000007 0.800000012 0.0375000015 0.0262499992 0.75 0 -0.0032734375 0.800000012 0.0375000015 0.0262499992 0.75 0.0375000015 -0.00402343739 0.75 0.0375000015 -0.00402343739 0.800000012 0.0375000015 0.0262499992 0.800000012 0.075000003 0.0240000002 0.75 0.0375000015 -0.00402343739 0.800000012 0.075000003 0.0240000002 0.75 0.075000003 -0.00627343729 0.75 0.075000003 -0.00627343729 0.800000012 0.075000003 0.0240000002 0.800000012 0.112499997 0.0202500001 0.75 0.075000003 -0.00627343729 0.800000012 0.112499997 0.0202500001 0.75 0.112499997 -0.0100234374 0.75 0.112499997 -0.0100234374 0.800000012 0.112499997 0.0202500001 0.800000012 0.150000006 0.0149999997 0.75 0.112499997 -0.0100234374 0.800000012 0.150000006 0.0149999997 0.75 0.150000006 -0.0152734378 0.75 0.150000006 -0.0152734378 0.800000012 0.150000006 0.0149999997 0.800000012 0.1875 0.00824999996 0.75 0.150000006 -0.0152734378 0.800000012 0.1875 0.00824999996 0.75 0.1875 -0.0220234375 0.75 0.1875 -0.0220234375 0.800000012 0.1875 0.00824999996 0.800000012 0.224999994 0 0.75 0.1875 -0.0220234375 0.800000012 0.224999994 0 0.75 0.224999994 -0.0302734375 </float_array>
          <technique_common>
            <accessor count="2304" offset="0" source="#mesh_0-positions-array" stride="3">
              <param name="X" type="float" />
              <param name="Y" type="float" />
              <param name="Z" type="float" />
            </accessor>
          </technique_common>
        </source>
        <source id="mesh_0-normals" name="mesh_0-normals">
          <float_array id="mesh_0-normals-array" count="6912"> 0.508996367 -0.184946284 0.840664983 0.508996367 -0.184946284 0.840664983 0.508996367 -0.184946284 0.840664983 0.508996367 -0.184946284 0.840664983 0.508996367 -0.184946284 0.840664983 0.508996367 -0.184946284 0.840664983 0.511898756 -0.152182534 0.845458567 0.511898756 -0.152182534 0.845458567 0.511898756 -0.152182534 0.845458567 0.511898756 -0.152182534 0.845458567 0.511898756 -0.152182534 0.845458567 0.511898756 -0.152182534 0.845458567 0.514256716 -0.118909426 0.849353015 0.514256716 -0.118909426 0.849353015 0.514256716 -0.118909426 0.849353015 0.514256716 -0.118909426 0.849353015 0.514256716 -0.118909426 0.849353015 0.514256716 -0.118909426 0.849353015 0.516046762 -0.0852309465 0.852309465 0.516046762 -0.0852309465 0.852309465 0.516046762 -0.0852309465 0.852309465 0.516046762 -0.0852309465 0.852309465 0.516046762 -0.0852309465 0.852309465 0.516046762 -0.0852309465 0.852309465 0.517250538 -0.0512578599 0.854297698 0.517250538 -0.0512578599 0.854297698 0.517250538 -0.0512578599 0.854297698 0.517250538 -0.0512578599 0.854297698 0.517250538 -0.0512578599 0.854297698 0.517250538 -0.0512578599 0.854297698 0.517855585 -0.0171059407 0.855297029 0.517855585 -0.0171059407 0.855297029 0.517855585 -0.0171059407 0.855297029 0.517855585 -0.0171059407 0.855297029 0.517855585 -0.0171059407 0.855297029 0.517855585 -0.0171059407 0.855297029 0.517855585 0.0171059407 0.855297029 0.517855585 0.0171059407 0.855297029 0.517855585 0.0171059407 0.855297029 0.517855585 0.0171059407 0.855297029 0.517855585 0.0171059407 0.855297029 0.517855585 0.0171059407 0.855297029 0.517250538 0.0512578599 0.854297698 0.517250538 0.0512578599 0.854297698 0.517250538 0.0512578599 0.854297698 0.517250538 0.0512578599 0.854297698 0.517250538 0.0512578599 0.854297698 0.517250538 0.0512578599 0.854297698 0.516046762 0.0852309465 0.852309465 0.516046762 0.0852309465 0.852309465 0.516046762 0.0852309465 0.852309465 0.516046762 0.0852309465 0.852309465 0.516046762 0.0852309465 0.852309465 0.516046762 0.0852309465 0.852309465 0.514256716 0.118909426 0.849353015 0.514256716 0.118909426 0.849353015 0.514256716 0.118909426 0.849353015 0.514256716 0.118909426 0.849353015 0.514256716 0.118909426 0.849353015 0.514256716 0.118909426 0.849353015 0.511898756 0.152182534 0.845458567 0.511898756 0.152182534 0.845458567 0.511898756 0.152182534 0.845458567 0.511898756 0.152182534 0.845458567 0.511898756 0.152182534 0.845458567 0.511898756 0.152182534 0.845458567 0.508996367 0.184946284 0.840664983 0.508996367 0.184946284 0.840664983 0.508996367 0.184946284 0.840664983 0.508996367 0.184946284 0.840664983 0.508996367 0.184946284 0.840664983 0.508996367 0.184946284 0.840664983 0.484052032 -0.188012481 0.854602218 0.484052032 -0.188012481 0.854602218 0.484052032 -0.188012481 0.854602218 0.484052032 -0.188012481 0.854602218 0.484052032 -0.188012481 0.854602218 0.484052032 -0.188012481 0.854602218 0.486905277 -0.154735133 0.859639645 0.486905277 -0.154735133 0.859639645 0.486905277 -0.154735133 0.859639645 0.486905277 -0.154735133 0.859639645 0.486905277 -0.154735133 0.859639645 0.486905277 -0.154735133 0.859639645 0.489224523 -0.120922811 0.863734365 0.489224523 -0.120922811 0.863734365 0.489224523 -0.120922811 0.863734365 0.489224523 -0.120922811 0.863734365 0.489224523 -0.120922811 0.863734365 0.489224523 -0.120922811 0.863734365 0.4909859 -0.0866844058 0.866844058 0.4909859 -0.0866844058 0.866844058 0.4909859 -0.0866844058 0.866844058 0.4909859 -0.0866844058 0.866844058 0.4909859 -0.0866844058 0.866844058 0.4909859 -0.0866844058 0.866844058 0.492170781 -0.0521361604 0.868936002 0.492170781 -0.0521361604 0.868936002 0.492170781 -0.0521361604 0.868936002 0.492170781 -0.0521361604 0.868936002 0.492170781 -0.0521361604 0.868936002 0.492170781 -0.0521361604 0.868936002 0.49276644 -0.0173997525 0.869987667 0.49276644 -0.0173997525 0.869987667 0.49276644 -0.0173997525 0.869987667 0.49276644 -0.0173997525 0.869987667 0.49276644 -0.0173997525 0.869987667 0.49276644 -0.0173997525 0.869987667 0.49276644 0.0173997525 0.869987667 0.49276644 0.0173997525 0.869987667 0.49276644 0.0173997525 0.869987667 0.49276644 0.0173997525 0.869987667 0.49276644 0.0173997525 0.869987667 0.49276644 0.0173997525 0.869987667 0.492170781 0.0521361604 0.868936002 0.492170781 0.0521361604 0.868936002 0.492170781 0.0521361604 0.868936002 0.492170781 0.0521361604 0.868936002 0.492170781 0.0521361604 0.868936002 0.492170781 0.0521361604 0.868936002 0.4909859 0.0866844058 0.866844058 0.4909859 0.0866844058 0.866844058 0.4909859 0.0866844058 0.866844058 0.4909859 0.0866844058 0.866844058 0.4909859 0.0866844058 0.866844058 0.4909859 0.0866844058 0.866844058 0.489224523 0.120922811 0.863734365 0.489224523 0.120922811 0.863734365 0.489224523 0.120922811 0.863734365 0.489224523 0.120922811 0.863734365 0.489224523 0.120922811 0.863734365 0.489224523 0.120922811 0.863734365 0.486905277 0.154735133 0.859639645 0.486905277 0.154735133 0.859639645 0.486905277 0.154735133 0.859639645 0.486905277 0.154735133 0.859639645 0.486905277 0.154735133 0.859639645 0.486905277 0.154735133 0.859639645 0.484052032 0.188012481 0.854602218 0.484052032 0.188012481 0.854602218 0.484052032 0.188012481 0.854602218 0.484052032 0.188012481 0.854602218 0.484052032 0.188012481 0.854602218 0.484052032 0.188012481 0.854602218 0.457869351 -0.191016316 0.868255973 0.457869351 -0.191016316 0.868255973 0.457869351 -0.191016316 0.868255973 0.457869351 -0.191016316 0.868255973 0.457869351 -0.191016316 0.868255973 0.457869351 -0.191016316 0.868255973 0.460655987 -0.157237247 0.873540223 0.460655987 -0.157237247 0.873540223 0.460655987 -0.157237247 0.873540223 0.460655987 -0.157237247 0.873540223 0.460655987 -0.157237247 0.873540223 0.460655987 -0.157237247 0.873540223 0.462922275 -0.12289729 0.877837837 0.462922275 -0.12289729 0.877837837 0.462922275 -0.12289729 0.877837837 0.462922275 -0.12289729 0.877837837 0.462922275 -0.12289729 0.877837837 0.462922275 -0.12289729 0.877837837 0.464644134 -0.0881102979 0.88110292 0.464644134 -0.0881102979 0.88110292 0.464644134 -0.0881102979 0.88110292 0.464644134 -0.0881102979 0.88110292 0.464644134 -0.0881102979 0.88110292 0.464644134 -0.0881102979 0.88110292 0.465802759 -0.0529980026 0.883300066 0.465802759 -0.0529980026 0.883300066 0.465802759 -0.0529980026 0.883300066 0.465802759 -0.0529980026 0.883300066 0.465802759 -0.0529980026 0.883300066 0.465802759 -0.0529980026 0.883300066 0.466385335 -0.0176880956 0.884404778 0.466385335 -0.0176880956 0.884404778 0.466385335 -0.0176880956 0.884404778 0.466385335 -0.0176880956 0.884404778 0.466385335 -0.0176880956 0.884404778 0.466385335 -0.0176880956 0.884404778 0.466385335 0.0176880956 0.884404778 0.466385335 0.0176880956 0.884404778 0.466385335 0.0176880956 0.884404778 0.466385335 0.0176880956 0.884404778 0.466385335 0.0176880956 0.884404778 0.466385335 0.0176880956 0.884404778 0.465802759 0.0529980026 0.883300066 0.465802759 0.0529980026 0.883300066 0.465802759 0.0529980026 0.883300066 0.465802759 0.0529980026 0.883300066 0.465802759 0.0529980026 0.883300066 0.465802759 0.0529980026 0.883300066 0.464644134 0.0881102979 0.88110292 0.464644134 0.0881102979 0.88110292 0.464644134 0.0881102979 0.88110292 0.464644134 0.0881102979 0.88110292 0.464644134 0.0881102979 0.88110292 0.464644134 0.0881102979 0.88110292 0.462922275 0.12289729 0.877837837 0.462922275 0.12289729 0.877837837 0.462922275 0.12289729 0.877837837 0.462922275 0.12289729 0.877837837 0.462922275 0.12289729 0.877837837 0.462922275 0.12289729 0.877837837 0.460655987 0.157237247 0.873540223 0.460655987 0.157237247 0.873540223 0.460655987 0.157237247 0.873540223 0.460655987 0.157237247 0.873540223 0.460655987 0.157237247 0.873540223 0.460655987 0.157237247 0.873540223 0.457869351 0.191016316 0.868255973 0.457869351 0.191016316 0.868255973 0.457869351 0.191016316 0.868255973 0.457869351 0.191016316 0.868255973 0.457869351 0.191016316 0.868255973 0.457869351 0.191016316 0.868255973 0.430438787 -0.193938494 0.88153863 0.430438787 -0.193938494 0.88153863 0.430438787 -0.193938494 0.88153863 0.430438787 -0.193938494 0.88153863 0.430438787 -0.193938494 0.88153863 0.430438787 -0.193938494 0.88153863 0.43313998 -0.159672722 0.887070656 0.43313998 -0.159672722 0.887070656 0.43313998 -0.159672722 0.887070656 0.43313998 -0.159672722 0.887070656 0.43313998 -0.159672722 0.887070656 0.43313998 -0.159672722 0.887070656 0.435337931 -0.124820098 0.891572118 0.435337931 -0.124820098 0.891572118 0.435337931 -0.124820098 0.891572118 0.435337931 -0.124820098 0.891572118 0.435337931 -0.124820098 0.891572118 0.435337931 -0.124820098 0.891572118 0.43700856 -0.0894993544 0.894993544 0.43700856 -0.0894993544 0.894993544 0.43700856 -0.0894993544 0.894993544 0.43700856 -0.0894993544 0.894993544 0.43700856 -0.0894993544 0.894993544 0.43700856 -0.0894993544 0.894993544 0.438133031 -0.0538377874 0.897296488 0.438133031 -0.0538377874 0.897296488 0.438133031 -0.0538377874 0.897296488 0.438133031 -0.0538377874 0.897296488 0.438133031 -0.0538377874 0.897296488 0.438133031 -0.0538377874 0.897296488 0.43869853 -0.0179690924 0.898454607 0.43869853 -0.0179690924 0.898454607 0.43869853 -0.0179690924 0.898454607 0.43869853 -0.0179690924 0.898454607 0.43869853 -0.0179690924 0.898454607 0.43869853 -0.0179690924 0.898454607 0.43869853 0.0179690924 0.898454607 0.43869853 0.0179690924 0.898454607 0.43869853 0.0179690924 0.898454607 0.43869853 0.0179690924 0.898454607 0.43869853 0.0179690924 0.898454607 0.43869853 0.0179690924 0.898454607 0.438133031 0.0538377874 0.897296488 0.438133031 0.0538377874 0.897296488 0.438133031 0.0538377874 0.897296488 0.438133031 0.0538377874 0.897296488 0.438133031 0.0538377874 0.897296488 0.438133031 0.0538377874 0.897296488 0.43700856 0.0894993544 0.894993544 0.43700856 0.0894993544 0.894993544 0.43700856 0.0894993544 0.894993544 0.43700856 0.0894993544 0.894993544 0.43700856 0.0894993544 0.894993544 0.43700856 0.0894993544 0.894993544 0.435337931 0.124820098 0.891572118 0.435337931 0.124820098 0.891572118 0.435337931 0.124820098 0.891572118 0.435337931 0.124820098 0.891572118 0.435337931 0.124820098 0.891572118 0.435337931 0.124820098 0.891572118 0.43313998 0.159672722 0.887070656 0.43313998 0.159672722 0.887070656 0.43313998 0.159672722 0.887070656 0.43313998 0.159672722 0.887070656 0.43313998 0.159672722 0.887070656 0.43313998 0.159672722 0.887070656 0.430438787 0.193938494 0.88153863 0.430438787 0.193938494 0.88153863 0.430438787 0.193938494 0.88153863 0.430438787 0.193938494 0.88153863 0.430438787 0.193938494 0.88153863 0.430438787 0.193938494 0.88153863 0.40176174 -0.196758434 0.894356549 0.40176174 -0.196758434 0.894356549 0.40176174 -0.196758434 0.894356549 0.40176174 -0.196758434 0.894356549 0.40176174 -0.196758434 0.894356549 0.40176174 -0.196758434 0.894356549 0.404357553 -0.162024304 0.90013504 0.404357553 -0.162024304 0.90013504 0.404357553 -0.162024304 0.90013504 0.404357553 -0.162024304 0.90013504 0.404357553 -0.162024304 0.90013504 0.404357553 -0.162024304 0.90013504 0.406470805 -0.126677513 0.904839396 0.406470805 -0.126677513 0.904839396 0.406470805 -0.126677513 0.904839396 0.406470805 -0.126677513 0.904839396 0.406470805 -0.126677513 0.904839396 0.406470805 -0.126677513 0.904839396 0.408077687 -0.0908416435 0.90841645 0.408077687 -0.0908416435 0.90841645 0.408077687 -0.0908416435 0.90841645 0.408077687 -0.0908416435 0.90841645 0.408077687 -0.0908416435 0.90841645 0.408077687 -0.0908416435 0.90841645 0.409159601 -0.0546494909 0.910824835 0.409159601 -0.0546494909 0.910824835 0.409159601 -0.0546494909 0.910824835 0.409159601 -0.0546494909 0.910824835 0.409159601 -0.0546494909 0.910824835 0.409159601 -0.0546494909 0.910824835 0.409703791 -0.0182407238 0.91203624 0.409703791 -0.0182407238 0.91203624 0.409703791 -0.0182407238 0.91203624 0.409703791 -0.0182407238 0.91203624 0.409703791 -0.0182407238 0.91203624 0.409703791 -0.0182407238 0.91203624 0.409703791 0.0182407238 0.91203624 0.409703791 0.0182407238 0.91203624 0.409703791 0.0182407238 0.91203624 0.409703791 0.0182407238 0.91203624 0.409703791 0.0182407238 0.91203624 0.409703791 0.0182407238 0.91203624 0.409159601 0.0546494909 0.910824835 0.409159601 0.0546494909 0.910824835 0.409159601 0.0546494909 0.910824835 0.409159601 0.0546494909 0.910824835 0.409159601 0.0546494909 0.910824835 0.409159601 0.0546494909 0.910824835 0.408077687 0.0908416435 0.90841645 0.408077687 0.0908416435 0.90841645 0.408077687 0.0908416435 0.90841645 0.408077687 0.0908416435 0.90841645 0.408077687 0.0908416435 0.90841645 0.408077687 0.0908416435 0.90841645 0.406470805 0.126677513 0.904839396 0.406470805 0.126677513 0.904839396 0.406470805 0.126677513 0.904839396 0.406470805 0.126677513 0.904839396 0.406470805 0.126677513 0.904839396 0.406470805 0.126677513 0.904839396 0.404357553 0.162024304 0.90013504 0.404357553 0.162024304 0.90013504 0.404357553 0.162024304 0.90013504 0.404357553 0.162024304 0.90013504 0.404357553 0.162024304 0.90013504 0.404357553 0.162024304 0.90013504 0.40176174 0.196758434 0.894356549 0.40176174 0.196758434 0.894356549 0.40176174 0.196758434 0.894356549 0.40176174 0.196758434 0.894356549 0.40176174 0.196758434 0.894356549 0.40176174 0.196758434 0.894356549 0.371852249 -0.199454457 0.906611204 0.371852249 -0.199454457 0.906611204 0.371852249 -0.199454457 0.906611204 0.371852249 -0.199454457 0.906611204 0.371852249 -0.199454457 0.906611204 0.371852249 -0.199454457 0.906611204 0.374321759 -0.164273784 0.912632108 0.374321759 -0.164273784 0.912632108 0.374321759 -0.164273784 0.912632108 0.374321759 -0.164273784 0.912632108 0.374321759 -0.164273784 0.912632108 0.374321759 -0.164273784 0.912632108 0.376333207 -0.128455058 0.917536199 0.376333207 -0.128455058 0.917536199 0.376333207 -0.128455058 0.917536199 0.376333207 -0.128455058 0.917536199 0.376333207 -0.128455058 0.917536199 0.376333207 -0.128455058 0.917536199 0.377863228 -0.0921266526 0.921266556 0.377863228 -0.0921266526 0.921266556 0.377863228 -0.0921266526 0.921266556 0.377863228 -0.0921266526 0.921266556 0.377863228 -0.0921266526 0.921266556 0.377863228 -0.0921266526 0.921266556 0.378893673 -0.0554267354 0.923778892 0.378893673 -0.0554267354 0.923778892 0.378893673 -0.0554267354 0.923778892 0.378893673 -0.0554267354 0.923778892 0.378893673 -0.0554267354 0.923778892 0.378893673 -0.0554267354 0.923778892 0.379412085 -0.0185008552 0.925042808 0.379412085 -0.0185008552 0.925042808 0.379412085 -0.0185008552 0.925042808 0.379412085 -0.0185008552 0.925042808 0.379412085 -0.0185008552 0.925042808 0.379412085 -0.0185008552 0.925042808 0.379412085 0.0185008552 0.925042808 0.379412085 0.0185008552 0.925042808 0.379412085 0.0185008552 0.925042808 0.379412085 0.0185008552 0.925042808 0.379412085 0.0185008552 0.925042808 0.379412085 0.0185008552 0.925042808 0.378893673 0.0554267354 0.923778892 0.378893673 0.0554267354 0.923778892 0.378893673 0.0554267354 0.923778892 0.378893673 0.0554267354 0.923778892 0.378893673 0.0554267354 0.923778892 0.378893673 0.0554267354 0.923778892 0.377863228 0.0921266526 0.921266556 0.377863228 0.0921266526 0.921266556 0.377863228 0.0921266526 0.921266556 0.377863228 0.0921266526 0.921266556 0.377863228 0.0921266526 0.921266556 0.377863228 0.0921266526 0.921266556 0.376333207 0.128455058 0.917536199 0.376333207 0.128455058 0.917536199 0.376333207 0.128455058 0.917536199 0.376333207 0.128455058 0.917536199 0.376333207 0.128455058 0.917536199 0.376333207 0.128455058 0.917536199 0.374321759 0.164273784 0.912632108 0.374321759 0.164273784 0.912632108 0.374321759 0.164273784 0.912632108 0.374321759 0.164273784 0.912632108 0.374321759 0.164273784 0.912632108 0.374321759 0.164273784 0.912632108 0.371852249 0.199454457 0.906611204 0.371852249 0.199454457 0.906611204 0.371852249 0.199454457 0.906611204 0.371852249 0.199454457 0.906611204 0.371852249 0.199454457 0.906611204 0.371852249 0.199454457 0.906611204 0.340738386 -0.20200406 0.918200254 0.340738386 -0.20200406 0.918200254 0.340738386 -0.20200406 0.918200254 0.340738386 -0.20200406 0.918200254 0.340738386 -0.20200406 0.918200254 0.340738386 -0.20200406 0.918200254 0.343060076 -0.166402191 0.924456656 0.343060076 -0.166402191 0.924456656 0.343060076 -0.166402191 0.924456656 0.343060076 -0.166402191 0.924456656 0.343060076 -0.166402191 0.924456656 0.343060076 -0.166402191 0.924456656 0.344952017 -0.130137682 0.92955488 0.344952017 -0.130137682 0.92955488 0.344952017 -0.130137682 0.92955488 0.344952017 -0.130137682 0.92955488 0.344952017 -0.130137682 0.92955488 0.344952017 -0.130137682 0.92955488 0.346391678 -0.0933434442 0.933434427 0.346391678 -0.0933434442 0.933434427 0.346391678 -0.0933434442 0.933434427 0.346391678 -0.0933434442 0.933434427 0.346391678 -0.0933434442 0.933434427 0.346391678 -0.0933434442 0.933434427 0.347361535 -0.0561628751 0.936047912 0.347361535 -0.0561628751 0.936047912 0.347361535 -0.0561628751 0.936047912 0.347361535 -0.0561628751 0.936047912 0.347361535 -0.0561628751 0.936047912 0.347361535 -0.0561628751 0.936047912 0.347849518 -0.0187472589 0.937362909 0.347849518 -0.0187472589 0.937362909 0.347849518 -0.0187472589 0.937362909 0.347849518 -0.0187472589 0.937362909 0.347849518 -0.0187472589 0.937362909 0.347849518 -0.0187472589 0.937362909 0.347849518 0.0187472589 0.937362909 0.347849518 0.0187472589 0.937362909 0.347849518 0.0187472589 0.937362909 0.347849518 0.0187472589 0.937362909 0.347849518 0.0187472589 0.937362909 0.347849518 0.0187472589 0.937362909 0.347361535 0.0561628751 0.936047912 0.347361535 0.0561628751 0.936047912 0.347361535 0.0561628751 0.936047912 0.347361535 0.0561628751 0.936047912 0.347361535 0.0561628751 0.936047912 0.347361535 0.0561628751 0.936047912 0.346391678 0.0933434442 0.933434427 0.346391678 0.0933434442 0.933434427 0.346391678 0.0933434442 0.933434427 0.346391678 0.0933434442 0.933434427 0.346391678 0.0933434442 0.933434427 0.346391678 0.0933434442 0.933434427 0.344952017 0.130137682 0.92955488 0.344952017 0.130137682 0.92955488 0.344952017 0.130137682 0.92955488 0.344952017 0.130137682 0.92955488 0.344952017 0.130137682 0.92955488 0.344952017 0.130137682 0.92955488 0.343060076 0.166402191 0.924456656 0.343060076 0.166402191 0.924456656 0.343060076 0.166402191 0.924456656 0.343060076 0.166402191 0.924456656 0.343060076 0.166402191 0.924456656 0.343060076 0.166402191 0.924456656 0.340738386 0.20200406 0.918200254 0.340738386 0.20200406 0.918200254 0.340738386 0.20200406 0.918200254 0.340738386 0.20200406 0.918200254 0.340738386 0.20200406 0.918200254 0.340738386 0.20200406 0.918200254 0.308463514 -0.204384297 0.92901957 0.308463514 -0.204384297 0.92901957 0.308463514 -0.204384297 0.92901957 0.308463514 -0.204384297 0.92901957 0.308463514 -0.204384297 0.92901957 0.308463514 -0.204384297 0.92901957 0.310615659 -0.168390229 0.935501277 0.310615659 -0.168390229 0.935501277 0.310615659 -0.168390229 0.935501277 0.310615659 -0.168390229 0.935501277 0.310615659 -0.168390229 0.935501277 0.310615659 -0.168390229 0.935501277 0.312370181 -0.131709963 0.940785468 0.312370181 -0.131709963 0.940785468 0.312370181 -0.131709963 0.940785468 0.312370181 -0.131709963 0.940785468 0.312370181 -0.131709963 0.940785468 0.312370181 -0.131709963 0.940785468 0.313705772 -0.0944807976 0.944807947 0.313705772 -0.0944807976 0.944807947 0.313705772 -0.0944807976 0.944807947 0.313705772 -0.0944807976 0.944807947 0.313705772 -0.0944807976 0.944807947 0.313705772 -0.0944807976 0.944807947 0.314605743 -0.0568511076 0.947518408 0.314605743 -0.0568511076 0.947518408 0.314605743 -0.0568511076 0.947518408 0.314605743 -0.0568511076 0.947518408 0.314605743 -0.0568511076 0.947518408 0.314605743 -0.0568511076 0.947518408 0.315058619 -0.0189776495 0.948882461 0.315058619 -0.0189776495 0.948882461 0.315058619 -0.0189776495 0.948882461 0.315058619 -0.0189776495 0.948882461 0.315058619 -0.0189776495 0.948882461 0.315058619 -0.0189776495 0.948882461 0.315058619 0.0189776495 0.948882461 0.315058619 0.0189776495 0.948882461 0.315058619 0.0189776495 0.948882461 0.315058619 0.0189776495 0.948882461 0.315058619 0.0189776495 0.948882461 0.315058619 0.0189776495 0.948882461 0.314605743 0.0568511076 0.947518408 0.314605743 0.0568511076 0.947518408 0.314605743 0.0568511076 0.947518408 0.314605743 0.0568511076 0.947518408 0.314605743 0.0568511076 0.947518408 0.314605743 0.0568511076 0.947518408 0.313705772 0.0944807976 0.944807947 0.313705772 0.0944807976 0.944807947 0.313705772 0.0944807976 0.944807947 0.313705772 0.0944807976 0.944807947 0.313705772 0.0944807976 0.944807947 0.313705772 0.0944807976 0.944807947 0.312370181 0.131709963 0.940785468 0.312370181 0.131709963 0.940785468 0.312370181 0.131709963 0.940785468 0.312370181 0.131709963 0.940785468 0.312370181 0.131709963 0.940785468 0.312370181 0.131709963 0.940785468 0.310615659 0.168390229 0.935501277 0.310615659 0.168390229 0.935501277 0.310615659 0.168390229 0.935501277 0.310615659 0.168390229 0.935501277 0.310615659 0.168390229 0.935501277 0.310615659 0.168390229 0.935501277 0.308463514 0.204384297 0.92901957 0.308463514 0.204384297 0.92901957 0.308463514 0.204384297 0.92901957 0.308463514 0.204384297 0.92901957 0.308463514 0.204384297 0.92901957 0.308463514 0.204384297 0.92901957 0.275087327 -0.20657225 0.938964784 0.275087327 -0.20657225 0.938964784 0.275087327 -0.20657225 0.938964784 0.275087327 -0.20657225 0.938964784 0.275087327 -0.20657225 0.938964784 0.275087327 -0.20657225 0.938964784 0.277048379 -0.170218512 0.945658445 0.277048379 -0.170218512 0.945658445 0.277048379 -0.170218512 0.945658445 0.277048379 -0.170218512 0.945658445 0.277048379 -0.170218512 0.945658445 0.277048379 -0.170218512 0.945658445 0.278647751 -0.133156478 0.951117635 0.278647751 -0.133156478 0.951117635 0.278647751 -0.133156478 0.951117635 0.278647751 -0.133156478 0.951117635 0.278647751 -0.133156478 0.951117635 0.278647751 -0.133156478 0.951117635 0.279865623 -0.0955274701 0.955274701 0.279865623 -0.0955274701 0.955274701 0.279865623 -0.0955274701 0.955274701 0.279865623 -0.0955274701 0.955274701 0.279865623 -0.0955274701 0.955274701 0.279865623 -0.0955274701 0.955274701 0.280686468 -0.0574845895 0.958076537 0.280686468 -0.0574845895 0.958076537 0.280686468 -0.0574845895 0.958076537 0.280686468 -0.0574845895 0.958076537 0.280686468 -0.0574845895 0.958076537 0.280686468 -0.0574845895 0.958076537 0.281099617 -0.019189734 0.959486723 0.281099617 -0.019189734 0.959486723 0.281099617 -0.019189734 0.959486723 0.281099617 -0.019189734 0.959486723 0.281099617 -0.019189734 0.959486723 0.281099617 -0.019189734 0.959486723 0.281099617 0.019189734 0.959486723 0.281099617 0.019189734 0.959486723 0.281099617 0.019189734 0.959486723 0.281099617 0.019189734 0.959486723 0.281099617 0.019189734 0.959486723 0.281099617 0.019189734 0.959486723 0.280686468 0.0574845895 0.958076537 0.280686468 0.0574845895 0.958076537 0.280686468 0.0574845895 0.958076537 0.280686468 0.0574845895 0.958076537 0.280686468 0.0574845895 0.958076537 0.280686468 0.0574845895 0.958076537 0.279865623 0.0955274701 0.955274701 0.279865623 0.0955274701 0.955274701 0.279865623 0.0955274701 0.955274701 0.279865623 0.0955274701 0.955274701 0.279865623 0.0955274701 0.955274701 0.279865623 0.0955274701 0.955274701 0.278647751 0.133156478 0.951117635 0.278647751 0.133156478 0.951117635 0.278647751 0.133156478 0.951117635 0.278647751 0.133156478 0.951117635 0.278647751 0.133156478 0.951117635 0.278647751 0.133156478 0.951117635 0.277048379 0.170218512 0.945658445 0.277048379 0.170218512 0.945658445 0.277048379 0.170218512 0.945658445 0.277048379 0.170218512 0.945658445 0.277048379 0.170218512 0.945658445 0.277048379 0.170218512 0.945658445 0.275087327 0.20657225 0.938964784 0.275087327 0.20657225 0.938964784 0.275087327 0.20657225 0.938964784 0.275087327 0.20657225 0.938964784 0.275087327 0.20657225 0.938964784 0.275087327 0.20657225 0.938964784 0.240686372 -0.208545476 0.947933972 0.240686372 -0.208545476 0.947933972 0.240686372 -0.208545476 0.947933972 0.240686372 -0.208545476 0.947933972 0.240686372 -0.208545476 0.947933972 0.240686372 -0.208545476 0.947933972 0.242435455 -0.171868086 0.954822719 0.242435455 -0.171868086 0.954822719 0.242435455 -0.171868086 0.954822719 0.242435455 -0.171868086 0.954822719 0.242435455 -0.171868086 0.954822719 0.242435455 -0.171868086 0.954822719 0.24386251 -0.134462044 0.960443139 0.24386251 -0.134462044 0.960443139 0.24386251 -0.134462044 0.960443139 0.24386251 -0.134462044 0.960443139 0.24386251 -0.134462044 0.960443139 0.24386251 -0.134462044 0.960443139 0.244949505 -0.0964724198 0.964724243 0.244949505 -0.0964724198 0.964724243 0.244949505 -0.0964724198 0.964724243 0.244949505 -0.0964724198 0.964724243 0.244949505 -0.0964724198 0.964724243 0.244949505 -0.0964724198 0.964724243 0.245682299 -0.0580566153 0.9676103 0.245682299 -0.0580566153 0.9676103 0.245682299 -0.0580566153 0.9676103 0.245682299 -0.0580566153 0.9676103 0.245682299 -0.0580566153 0.9676103 0.245682299 -0.0580566153 0.9676103 0.246051162 -0.0193812605 0.969063044 0.246051162 -0.0193812605 0.969063044 0.246051162 -0.0193812605 0.969063044 0.246051162 -0.0193812605 0.969063044 0.246051162 -0.0193812605 0.969063044 0.246051162 -0.0193812605 0.969063044 0.246051162 0.0193812605 0.969063044 0.246051162 0.0193812605 0.969063044 0.246051162 0.0193812605 0.969063044 0.246051162 0.0193812605 0.969063044 0.246051162 0.0193812605 0.969063044 0.246051162 0.0193812605 0.969063044 0.245682299 0.0580566153 0.9676103 0.245682299 0.0580566153 0.9676103 0.245682299 0.0580566153 0.9676103 0.245682299 0.0580566153 0.9676103 0.245682299 0.0580566153 0.9676103 0.245682299 0.0580566153 0.9676103 0.244949505 0.0964724198 0.964724243 0.244949505 0.0964724198 0.964724243 0.244949505 0.0964724198 0.964724243 0.244949505 0.0964724198 0.964724243 0.244949505 0.0964724198 0.964724243 0.244949505 0.0964724198 0.964724243 0.24386251 0.134462044 0.960443139 0.24386251 0.134462044 0.960443139 0.24386251 0.134462044 0.960443139 0.24386251 0.134462044 0.960443139 0.24386251 0.134462044 0.960443139 0.24386251 0.134462044 0.960443139 0.242435455 0.171868086 0.954822719 0.242435455 0.171868086 0.954822719 0.242435455 0.171868086 0.954822719 0.242435455 0.171868086 0.954822719 0.242435455 0.171868086 0.954822719 0.242435455 0.171868086 0.954822719 0.240686372 0.208545476 0.947933972 0.240686372 0.208545476 0.947933972 0.240686372 0.208545476 0.947933972 0.240686372 0.208545476 0.947933972 0.240686372 0.208545476 0.947933972 0.240686372 0.208545476 0.947933972 0.205354095 -0.210282594 0.955829978 0.205354095 -0.210282594 0.955829978 0.205354095 -0.210282594 0.955829978 0.205354095 -0.210282594 0.955829978 0.205354095 -0.210282594 0.955829978 0.205354095 -0.210282594 0.955829978 0.206871659 -0.173320845 0.962893546 0.206871659 -0.173320845 0.962893546 0.206871659 -0.173320845 0.962893546 0.206871659 -0.173320845 0.962893546 0.206871659 -0.173320845 0.962893546 0.206871659 -0.173320845 0.962893546 0.208110243 -0.135612205 0.968658566 0.208110243 -0.135612205 0.968658566 0.208110243 -0.135612205 0.968658566 0.208110243 -0.135612205 0.968658566 0.208110243 -0.135612205 0.968658566 0.208110243 -0.135612205 0.968658566 0.209053919 -0.0973050967 0.973050952 0.209053919 -0.0973050967 0.973050952 0.209053919 -0.0973050967 0.973050952 0.209053919 -0.0973050967 0.973050952 0.209053919 -0.0973050967 0.973050952 0.209053919 -0.0973050967 0.973050952 0.209690213 -0.0585607588 0.976012647 0.209690213 -0.0585607588 0.976012647 0.209690213 -0.0585607588 0.976012647 0.209690213 -0.0585607588 0.976012647 0.209690213 -0.0585607588 0.976012647 0.209690213 -0.0585607588 0.976012647 0.210010543 -0.019550072 0.977503657 0.210010543 -0.019550072 0.977503657 0.210010543 -0.019550072 0.977503657 0.210010543 -0.019550072 0.977503657 0.210010543 -0.019550072 0.977503657 0.210010543 -0.019550072 0.977503657 0.210010543 0.019550072 0.977503657 0.210010543 0.019550072 0.977503657 0.210010543 0.019550072 0.977503657 0.210010543 0.019550072 0.977503657 0.210010543 0.019550072 0.977503657 0.210010543 0.019550072 0.977503657 0.209690213 0.0585607588 0.976012647 0.209690213 0.0585607588 0.976012647 0.209690213 0.0585607588 0.976012647 0.209690213 0.0585607588 0.976012647 0.209690213 0.0585607588 0.976012647 0.209690213 0.0585607588 0.976012647 0.209053919 0.0973050967 0.973050952 0.209053919 0.0973050967 0.973050952 0.209053919 0.0973050967 0.973050952 0.209053919 0.0973050967 0.973050952 0.209053919 0.0973050967 0.973050952 0.209053919 0.0973050967 0.973050952 0.208110243 0.135612205 0.968658566 0.208110243 0.135612205 0.968658566 0.208110243 0.135612205 0.968658566 0.208110243 0.135612205 0.968658566 0.208110243 0.135612205 0.968658566 0.208110243 0.135612205 0.968658566 0.206871659 0.173320845 0.962893546 0.206871659 0.173320845 0.962893546 0.206871659 0.173320845 0.962893546 0.206871659 0.173320845 0.962893546 0.206871659 0.173320845 0.962893546 0.206871659 0.173320845 0.962893546 0.205354095 0.210282594 0.955829978 0.205354095 0.210282594 0.955829978 0.205354095 0.210282594 0.955829978 0.205354095 0.210282594 0.955829978 0.205354095 0.210282594 0.955829978 0.205354095 0.210282594 0.955829978 0.16920051 -0.211763829 0.962562859 0.16920051 -0.211763829 0.962562859 0.16920051 -0.211763829 0.962562859 0.16920051 -0.211763829 0.962562859 0.16920051 -0.211763829 0.962562859 0.16920051 -0.211763829 0.962562859 0.170468777 -0.174560025 0.969777882 0.170468777 -0.174560025 0.969777882 0.170468777 -0.174560025 0.969777882 0.170468777 -0.174560025 0.969777882 0.170468777 -0.174560025 0.969777882 0.170468777 -0.174560025 0.969777882 0.171504185 -0.13659355 0.975668252 0.171504185 -0.13659355 0.975668252 0.171504185 -0.13659355 0.975668252 0.171504185 -0.13659355 0.975668252 0.171504185 -0.13659355 0.975668252 0.171504185 -0.13659355 0.975668252 0.172293246 -0.0980157107 0.980157137 0.172293246 -0.0980157107 0.980157137 0.172293246 -0.0980157107 0.980157137 0.172293246 -0.0980157107 0.980157137 0.172293246 -0.0980157107 0.980157137 0.172293246 -0.0980157107 0.980157137 0.172825366 -0.0589910597 0.983184338 0.172825366 -0.0589910597 0.983184338 0.172825366 -0.0589910597 0.983184338 0.172825366 -0.0589910597 0.983184338 0.172825366 -0.0589910597 0.983184338 0.172825366 -0.0589910597 0.983184338 0.173093289 -0.01969417 0.984708488 0.173093289 -0.01969417 0.984708488 0.173093289 -0.01969417 0.984708488 0.173093289 -0.01969417 0.984708488 0.173093289 -0.01969417 0.984708488 0.173093289 -0.01969417 0.984708488 0.173093289 0.01969417 0.984708488 0.173093289 0.01969417 0.984708488 0.173093289 0.01969417 0.984708488 0.173093289 0.01969417 0.984708488 0.173093289 0.01969417 0.984708488 0.173093289 0.01969417 0.984708488 0.172825366 0.0589910597 0.983184338 0.172825366 0.0589910597 0.983184338 0.172825366 0.0589910597 0.983184338 0.172825366 0.0589910597 0.983184338 0.172825366 0.0589910597 0.983184338 0.172825366 0.0589910597 0.983184338 0.172293246 0.0980157107 0.980157137 0.172293246 0.0980157107 0.980157137 0.172293246 0.0980157107 0.980157137 0.172293246 0.0980157107 0.980157137 0.172293246 0.0980157107 0.980157137 0.172293246 0.0980157107 0.980157137 0.171504185 0.13659355 0.975668252 0.171504185 0.13659355 0.975668252 0.171504185 0.13659355 0.975668252 0.171504185 0.13659355 0.975668252 0.171504185 0.13659355 0.975668252 0.171504185 0.13659355 0.975668252 0.170468777 0.174560025 0.969777882 0.170468777 0.174560025 0.969777882 0.170468777 0.174560025 0.969777882 0.170468777 0.174560025 0.969777882 0.170468777 0.174560025 0.969777882 0.170468777 0.174560025 0.969777882 0.16920051 0.211763829 0.962562859 0.16920051 0.211763829 0.962562859 0.16920051 0.211763829 0.962562859 0.16920051 0.211763829 0.962562859 0.16920051 0.211763829 0.962562859 0.16920051 0.211763829 0.962562859 0.132350981 -0.212971628 0.968052864 0.132350981 -0.212971628 0.968052864 0.132350981 -0.212971628 0.968052864 0.132350981 -0.212971628 0.968052864 0.132350981 -0.212971628 0.968052864 0.132350981 -0.212971628 0.968052864 0.133354515 -0.175570741 0.975392997 0.133354515 -0.175570741 0.975392997 0.133354515 -0.175570741 0.975392997 0.133354515 -0.175570741 0.975392997 0.133354515 -0.175570741 0.975392997 0.133354515 -0.175570741 0.975392997 0.134173989 -0.13739416 0.98138684 0.134173989 -0.13739416 0.98138684 0.134173989 -0.13739416 0.98138684 0.134173989 -0.13739416 0.98138684 0.134173989 -0.13739416 0.98138684 0.134173989 -0.13739416 0.98138684 0.134798601 -0.0985955521 0.985955477 0.134798601 -0.0985955521 0.985955477 0.134798601 -0.0985955521 0.985955477 0.134798601 -0.0985955521 0.985955477 0.134798601 -0.0985955521 0.985955477 0.134798601 -0.0985955521 0.985955477 0.135219902 -0.0593422167 0.989036918 0.135219902 -0.0593422167 0.989036918 0.135219902 -0.0593422167 0.989036918 0.135219902 -0.0593422167 0.989036918 0.135219902 -0.0593422167 0.989036918 0.135219902 -0.0593422167 0.989036918 0.13543202 -0.0198117699 0.990588546 0.13543202 -0.0198117699 0.990588546 0.13543202 -0.0198117699 0.990588546 0.13543202 -0.0198117699 0.990588546 0.13543202 -0.0198117699 0.990588546 0.13543202 -0.0198117699 0.990588546 0.13543202 0.0198117699 0.990588546 0.13543202 0.0198117699 0.990588546 0.13543202 0.0198117699 0.990588546 0.13543202 0.0198117699 0.990588546 0.13543202 0.0198117699 0.990588546 0.13543202 0.0198117699 0.990588546 0.135219902 0.0593422167 0.989036918 0.135219902 0.0593422167 0.989036918 0.135219902 0.0593422167 0.989036918 0.135219902 0.0593422167 0.989036918 0.135219902 0.0593422167 0.989036918 0.135219902 0.0593422167 0.989036918 0.134798601 0.0985955521 0.985955477 0.134798601 0.0985955521 0.985955477 0.134798601 0.0985955521 0.985955477 0.134798601 0.0985955521 0.985955477 0.134798601 0.0985955521 0.985955477 0.134798601 0.0985955521 0.985955477 0.134173989 0.13739416 0.98138684 0.134173989 0.13739416 0.98138684 0.134173989 0.13739416 0.98138684 0.134173989 0.13739416 0.98138684 0.134173989 0.13739416 0.98138684 0.134173989 0.13739416 0.98138684 0.133354515 0.175570741 0.975392997 0.133354515 0.175570741 0.975392997 0.133354515 0.175570741 0.975392997 0.133354515 0.175570741 0.975392997 0.133354515 0.175570741 0.975392997 0.133354515 0.175570741 0.975392997 0.132350981 0.212971628 0.968052864 0.132350981 0.212971628 0.968052864 0.132350981 0.212971628 0.968052864 0.132350981 0.212971628 0.968052864 0.132350981 0.212971628 0.968052864 0.132350981 0.212971628 0.968052864 0.0949445814 -0.213891163 0.972232521 0.0949445814 -0.213891163 0.972232521 0.0949445814 -0.213891163 0.972232521 0.0949445814 -0.213891163 0.972232521 0.0949445814 -0.213891163 0.972232521 0.0949445814 -0.213891163 0.972232521 0.0956707895 -0.176340401 0.979668915 0.0956707895 -0.176340401 0.979668915 0.0956707895 -0.176340401 0.979668915 0.0956707895 -0.176340401 0.979668915 0.0956707895 -0.176340401 0.979668915 0.0956707895 -0.176340401 0.979668915 0.0962639078 -0.138003945 0.98574245 0.0962639078 -0.138003945 0.98574245 0.0962639078 -0.138003945 0.98574245 0.0962639078 -0.138003945 0.98574245 0.0962639078 -0.138003945 0.98574245 0.0962639078 -0.138003945 0.98574245 0.0967160612 -0.0990372449 0.990372479 0.0967160612 -0.0990372449 0.990372479 0.0967160612 -0.0990372449 0.990372479 0.0967160612 -0.0990372449 0.990372479 0.0967160612 -0.0990372449 0.990372479 0.0967160612 -0.0990372449 0.990372479 0.0970210582 -0.0596097372 0.993495643 0.0970210582 -0.0596097372 0.993495643 0.0970210582 -0.0596097372 0.993495643 0.0970210582 -0.0596097372 0.993495643 0.0970210582 -0.0596097372 0.993495643 0.0970210582 -0.0596097372 0.993495643 0.0971746445 -0.0199013669 0.995068371 0.0971746445 -0.0199013669 0.995068371 0.0971746445 -0.0199013669 0.995068371 0.0971746445 -0.0199013669 0.995068371 0.0971746445 -0.0199013669 0.995068371 0.0971746445 -0.0199013669 0.995068371 0.0971746445 0.0199013669 0.995068371 0.0971746445 0.0199013669 0.995068371 0.0971746445 0.0199013669 0.995068371 0.0971746445 0.0199013669 0.995068371 0.0971746445 0.0199013669 0.995068371 0.0971746445 0.0199013669 0.995068371 0.0970210582 0.0596097372 0.993495643 0.0970210582 0.0596097372 0.993495643 0.0970210582 0.0596097372 0.993495643 0.0970210582 0.0596097372 0.993495643 0.0970210582 0.0596097372 0.993495643 0.0970210582 0.0596097372 0.993495643 0.0967160612 0.0990372449 0.990372479 0.0967160612 0.0990372449 0.990372479 0.0967160612 0.0990372449 0.990372479 0.0967160612 0.0990372449 0.990372479 0.0967160612 0.0990372449 0.990372479 0.0967160612 0.0990372449 0.990372479 0.0962639078 0.138003945 0.98574245 0.0962639078 0.138003945 0.98574245 0.0962639078 0.138003945 0.98574245 0.0962639078 0.138003945 0.98574245 0.0962639078 0.138003945 0.98574245 0.0962639078 0.138003945 0.98574245 0.0956707895 0.176340401 0.979668915 0.0956707895 0.176340401 0.979668915 0.0956707895 0.176340401 0.979668915 0.0956707895 0.176340401 0.979668915 0.0956707895 0.176340401 0.979668915 0.0956707895 0.176340401 0.979668915 0.0949445814 0.213891163 0.972232521 0.0949445814 0.213891163 0.972232521 0.0949445814 0.213891163 0.972232521 0.0949445814 0.213891163 0.972232521 0.0949445814 0.213891163 0.972232521 0.0949445814 0.213891163 0.972232521 0.0571317933 -0.214510843 0.975049257 0.0571317933 -0.214510843 0.975049257 0.0571317933 -0.214510843 0.975049257 0.0571317933 -0.214510843 0.975049257 0.0571317933 -0.214510843 0.975049257 0.0571317933 -0.214510843 0.975049257 0.0575713441 -0.17685917 0.982550979 0.0575713441 -0.17685917 0.982550979 0.0575713441 -0.17685917 0.982550979 0.0575713441 -0.17685917 0.982550979 0.0575713441 -0.17685917 0.982550979 0.0575713441 -0.17685917 0.982550979 0.0579303876 -0.138415009 0.988678575 0.0579303876 -0.138415009 0.988678575 0.0579303876 -0.138415009 0.988678575 0.0579303876 -0.138415009 0.988678575 0.0579303876 -0.138415009 0.988678575 0.0579303876 -0.138415009 0.988678575 0.0582041182 -0.0993350297 0.993350327 0.0582041182 -0.0993350297 0.993350327 0.0582041182 -0.0993350297 0.993350327 0.0582041182 -0.0993350297 0.993350327 0.0582041182 -0.0993350297 0.993350327 0.0582041182 -0.0993350297 0.993350327 0.0583887808 -0.0597901084 0.996501803 0.0583887808 -0.0597901084 0.996501803 0.0583887808 -0.0597901084 0.996501803 0.0583887808 -0.0597901084 0.996501803 0.0583887808 -0.0597901084 0.996501803 0.0583887808 -0.0597901084 0.996501803 0.0584817715 -0.0199617781 0.998088896 0.0584817715 -0.0199617781 0.998088896 0.0584817715 -0.0199617781 0.998088896 0.0584817715 -0.0199617781 0.998088896 0.0584817715 -0.0199617781 0.998088896 0.0584817715 -0.0199617781 0.998088896 0.0584817715 0.0199617781 0.998088896 0.0584817715 0.0199617781 0.998088896 0.0584817715 0.0199617781 0.998088896 0.0584817715 0.0199617781 0.998088896 0.0584817715 0.0199617781 0.998088896 0.0584817715 0.0199617781 0.998088896 0.0583887808 0.0597901084 0.996501803 0.0583887808 0.0597901084 0.996501803 0.0583887808 0.0597901084 0.996501803 0.0583887808 0.0597901084 0.996501803 0.0583887808 0.0597901084 0.996501803 0.0583887808 0.0597901084 0.996501803 0.0582041182 0.0993350297 0.993350327 0.0582041182 0.0993350297 0.993350327 0.0582041182 0.0993350297 0.993350327 0.0582041182 0.0993350297 0.993350327 0.0582041182 0.0993350297 0.993350327 0.0582041182 0.0993350297 0.993350327 0.0579303876 0.138415009 0.988678575 0.0579303876 0.138415009 0.988678575 0.0579303876 0.138415009 0.988678575 0.0579303876 0.138415009 0.988678575 0.0579303876 0.138415009 0.988678575 0.0579303876 0.138415009 0.988678575 0.0575713441 0.17685917 0.982550979 0.0575713441 0.17685917 0.982550979 0.0575713441 0.17685917 0.982550979 0.0575713441 0.17685917 0.982550979 0.0575713441 0.17685917 0.982550979 0.0575713441 0.17685917 0.982550979 0.0571317933 0.214510843 0.975049257 0.0571317933 0.214510843 0.975049257 0.0571317933 0.214510843 0.975049257 0.0571317933 0.214510843 0.975049257 0.0571317933 0.214510843 0.975049257 0.0571317933 0.214510843 0.975049257 0.0190716181 -0.21482271 0.976466835 0.0190716181 -0.21482271 0.976466835 0.0190716181 -0.21482271 0.976466835 0.0190716181 -0.21482271 0.976466835 0.0190716181 -0.21482271 0.976466835 0.0190716181 -0.21482271 0.976466835 0.0192187801 -0.177120283 0.984001577 0.0192187801 -0.177120283 0.984001577 0.0192187801 -0.177120283 0.984001577 0.0192187801 -0.177120283 0.984001577 0.0192187801 -0.177120283 0.984001577 0.0192187801 -0.177120283 0.984001577 0.0193389952 -0.138621911 0.990156531 0.0193389952 -0.138621911 0.990156531 0.0193389952 -0.138621911 0.990156531 0.0193389952 -0.138621911 0.990156531 0.0193389952 -0.138621911 0.990156531 0.0193389952 -0.138621911 0.990156531 0.0194306504 -0.0994849354 0.994849324 0.0194306504 -0.0994849354 0.994849324 0.0194306504 -0.0994849354 0.994849324 0.0194306504 -0.0994849354 0.994849324 0.0194306504 -0.0994849354 0.994849324 0.0194306504 -0.0994849354 0.994849324 0.0194924846 -0.0598809123 0.998015165 0.0194924846 -0.0598809123 0.998015165 0.0194924846 -0.0598809123 0.998015165 0.0194924846 -0.0598809123 0.998015165 0.0194924846 -0.0598809123 0.998015165 0.0194924846 -0.0598809123 0.998015165 0.0195236225 -0.0199921895 0.99960947 0.0195236225 -0.0199921895 0.99960947 0.0195236225 -0.0199921895 0.99960947 0.0195236225 -0.0199921895 0.99960947 0.0195236225 -0.0199921895 0.99960947 0.0195236225 -0.0199921895 0.99960947 0.0195236225 0.0199921895 0.99960947 0.0195236225 0.0199921895 0.99960947 0.0195236225 0.0199921895 0.99960947 0.0195236225 0.0199921895 0.99960947 0.0195236225 0.0199921895 0.99960947 0.0195236225 0.0199921895 0.99960947 0.0194924846 0.0598809123 0.998015165 0.0194924846 0.0598809123 0.998015165 0.0194924846 0.0598809123 0.998015165 0.0194924846 0.0598809123 0.998015165 0.0194924846 0.0598809123 0.998015165 0.0194924846 0.0598809123 0.998015165 0.0194306504 0.0994849354 0.994849324 0.0194306504 0.0994849354 0.994849324 0.0194306504 0.0994849354 0.994849324 0.0194306504 0.0994849354 0.994849324 0.0194306504 0.0994849354 0.994849324 0.0194306504 0.0994849354 0.994849324 0.0193389952 0.138621911 0.990156531 0.0193389952 0.138621911 0.990156531 0.0193389952 0.138621911 0.990156531 0.0193389952 0.138621911 0.990156531 0.0193389952 0.138621911 0.990156531 0.0193389952 0.138621911 0.990156531 0.0192187801 0.177120283 0.984001577 0.0192187801 0.177120283 0.984001577 0.0192187801 0.177120283 0.984001577 0.0192187801 0.177120283 0.984001577 0.0192187801 0.177120283 0.984001577 0.0192187801 0.177120283 0.984001577 0.0190716181 0.21482271 0.976466835 0.0190716181 0.21482271 0.976466835 0.0190716181 0.21482271 0.976466835 0.0190716181 0.21482271 0.976466835 0.0190716181 0.21482271 0.976466835 0.0190716181 0.21482271 0.976466835 -0.0190716181 -0.21482271 0.976466835 -0.0190716181 -0.21482271 0.976466835 -0.0190716181 -0.21482271 0.976466835 -0.0190716181 -0.21482271 0.976466835 -0.0190716181 -0.21482271 0.976466835 -0.0190716181 -0.21482271 0.976466835 -0.0192187801 -0.177120283 0.984001577 -0.0192187801 -0.177120283 0.984001577 -0.0192187801 -0.177120283 0.984001577 -0.0192187801 -0.177120283 0.984001577 -0.0192187801 -0.177120283 0.984001577 -0.0192187801 -0.177120283 0.984001577 -0.0193389952 -0.138621911 0.990156531 -0.0193389952 -0.138621911 0.990156531 -0.0193389952 -0.138621911 0.990156531 -0.0193389952 -0.138621911 0.990156531 -0.0193389952 -0.138621911 0.990156531 -0.0193389952 -0.138621911 0.990156531 -0.0194306504 -0.0994849354 0.994849324 -0.0194306504 -0.0994849354 0.994849324 -0.0194306504 -0.0994849354 0.994849324 -0.0194306504 -0.0994849354 0.994849324 -0.0194306504 -0.0994849354 0.994849324 -0.0194306504 -0.0994849354 0.994849324 -0.0194924846 -0.0598809123 0.998015165 -0.0194924846 -0.0598809123 0.998015165 -0.0194924846 -0.0598809123 0.998015165 -0.0194924846 -0.0598809123 0.998015165 -0.0194924846 -0.0598809123 0.998015165 -0.0194924846 -0.0598809123 0.998015165 -0.0195236225 -0.0199921895 0.99960947 -0.0195236225 -0.0199921895 0.99960947 -0.0195236225 -0.0199921895 0.99960947 -0.0195236225 -0.0199921895 0.99960947 -0.0195236225 -0.0199921895 0.99960947 -0.0195236225 -0.0199921895 0.99960947 -0.0195236225 0.0199921895 0.99960947 -0.0195236225 0.0199921895 0.99960947 -0.0195236225 0.0199921895 0.99960947 -0.0195236225 0.0199921895 0.99960947 -0.0195236225 0.0199921895 0.99960947 -0.0195236225 0.0199921895 0.99960947 -0.0194924846 0.0598809123 0.998015165 -0.0194924846 0.0598809123 0.998015165 -0.0194924846 0.0598809123 0.998015165 -0.0194924846 0.0598809123 0.998015165 -0.0194924846 0.0598809123 0.998015165 -0.0194924846 0.0598809123 0.998015165 -0.0194306504 0.0994849354 0.994849324 -0.0194306504 0.0994849354 0.994849324 -0.0194306504 0.0994849354 0.994849324 -0.0194306504 0.0994849354 0.994849324 -0.0194306504 0.0994849354 0.994849324 -0.0194306504 0.0994849354 0.994849324 -0.0193389952 0.138621911 0.990156531 -0.0193389952 0.138621911 0.990156531 -0.0193389952 0.138621911 0.990156531 -0.0193389952 0.138621911 0.990156531 -0.0193389952 0.138621911 0.990156531 -0.0193389952 0.138621911 0.990156531 -0.0192187801 0.177120283 0.984001577 -0.0192187801 0.177120283 0.984001577 -0.0192187801 0.177120283 0.984001577 -0.0192187801 0.177120283 0.984001577 -0.0192187801 0.177120283 0.984001577 -0.0192187801 0.177120283 0.984001577 -0.0190716181 0.21482271 0.976466835 -0.0190716181 0.21482271 0.976466835 -0.0190716181 0.21482271 0.976466835 -0.0190716181 0.21482271 0.976466835 -0.0190716181 0.21482271 0.976466835 -0.0190716181 0.21482271 0.976466835 -0.0571317933 -0.214510843 0.975049257 -0.0571317933 -0.214510843 0.975049257 -0.0571317933 -0.214510843 0.975049257 -0.0571317933 -0.214510843 0.975049257 -0.0571317933 -0.214510843 0.975049257 -0.0571317933 -0.214510843 0.975049257 -0.0575713441 -0.17685917 0.982550979 -0.0575713441 -0.17685917 0.982550979 -0.0575713441 -0.17685917 0.982550979 -0.0575713441 -0.17685917 0.982550979 -0.0575713441 -0.17685917 0.982550979 -0.0575713441 -0.17685917 0.982550979 -0.0579303876 -0.138415009 0.988678575 -0.0579303876 -0.138415009 0.988678575 -0.0579303876 -0.138415009 0.988678575 -0.0579303876 -0.138415009 0.988678575 -0.0579303876 -0.138415009 0.988678575 -0.0579303876 -0.138415009 0.988678575 -0.0582041182 -0.0993350297 0.993350327 -0.0582041182 -0.0993350297 0.993350327 -0.0582041182 -0.0993350297 0.993350327 -0.0582041182 -0.0993350297 0.993350327 -0.0582041182 -0.0993350297 0.993350327 -0.0582041182 -0.0993350297 0.993350327 -0.0583887808 -0.0597901084 0.996501803 -0.0583887808 -0.0597901084 0.996501803 -0.0583887808 -0.0597901084 0.996501803 -0.0583887808 -0.0597901084 0.996501803 -0.0583887808 -0.0597901084 0.996501803 -0.0583887808 -0.0597901084 0.996501803 -0.0584817715 -0.0199617781 0.998088896 -0.0584817715 -0.0199617781 0.998088896 -0.0584817715 -0.0199617781 0.998088896 -0.0584817715 -0.0199617781 0.998088896 -0.0584817715 -0.0199617781 0.998088896 -0.0584817715 -0.0199617781 0.998088896 -0.0584817715 0.0199617781 0.998088896 -0.0584817715 0.0199617781 0.998088896 -0.0584817715 0.0199617781 0.998088896 -0.0584817715 0.0199617781 0.998088896 -0.0584817715 0.0199617781 0.998088896 -0.0584817715 0.0199617781 0.998088896 -0.0583887808 0.0597901084 0.996501803 -0.0583887808 0.0597901084 0.996501803 -0.0583887808 0.0597901084 0.996501803 -0.0583887808 0.0597901084 0.996501803 -0.0583887808 0.0597901084 0.996501803 -0.0583887808 0.0597901084 0.996501803 -0.0582041182 0.0993350297 0.993350327 -0.0582041182 0.0993350297 0.993350327 -0.0582041182 0.0993350297 0.993350327 -0.0582041182 0.0993350297 0.993350327 -0.0582041182 0.0993350297 0.993350327 -0.0582041182 0.0993350297 0.993350327 -0.0579303876 0.138415009 0.988678575 -0.0579303876 0.138415009 0.988678575 -0.0579303876 0.138415009 0.988678575 -0.0579303876 0.138415009 0.988678575 -0.0579303876 0.138415009 0.988678575 -0.0579303876 0.138415009 0.988678575 -0.0575713441 0.17685917 0.982550979 -0.0575713441 0.17685917 0.982550979 -0.0575713441 0.17685917 0.982550979 -0.0575713441 0.17685917 0.982550979 -0.0575713441 0.17685917 0.982550979 -0.0575713441 0.17685917 0.982550979 -0.0571317933 0.214510843 0.975049257 -0.0571317933 0.214510843 0.975049257 -0.0571317933 0.214510843 0.975049257 -0.0571317933 0.214510843 0.975049257 -0.0571317933 0.214510843 0.975049257 -0.0571317933 0.214510843 0.975049257 -0.0949445814 -0.213891163 0.972232521 -0.0949445814 -0.213891163 0.972232521 -0.0949445814 -0.213891163 0.972232521 -0.0949445814 -0.213891163 0.972232521 -0.0949445814 -0.213891163 0.972232521 -0.0949445814 -0.213891163 0.972232521 -0.0956707895 -0.176340401 0.979668915 -0.0956707895 -0.176340401 0.979668915 -0.0956707895 -0.176340401 0.979668915 -0.0956707895 -0.176340401 0.979668915 -0.0956707895 -0.176340401 0.979668915 -0.0956707895 -0.176340401 0.979668915 -0.0962639078 -0.138003945 0.98574245 -0.0962639078 -0.138003945 0.98574245 -0.0962639078 -0.138003945 0.98574245 -0.0962639078 -0.138003945 0.98574245 -0.0962639078 -0.138003945 0.98574245 -0.0962639078 -0.138003945 0.98574245 -0.0967160612 -0.0990372449 0.990372479 -0.0967160612 -0.0990372449 0.990372479 -0.0967160612 -0.0990372449 0.990372479 -0.0967160612 -0.0990372449 0.990372479 -0.0967160612 -0.0990372449 0.990372479 -0.0967160612 -0.0990372449 0.990372479 -0.0970210582 -0.0596097372 0.993495643 -0.0970210582 -0.0596097372 0.993495643 -0.0970210582 -0.0596097372 0.993495643 -0.0970210582 -0.0596097372 0.993495643 -0.0970210582 -0.0596097372 0.993495643 -0.0970210582 -0.0596097372 0.993495643 -0.0971746445 -0.0199013669 0.995068371 -0.0971746445 -0.0199013669 0.995068371 -0.0971746445 -0.0199013669 0.995068371 -0.0971746445 -0.0199013669 0.995068371 -0.0971746445 -0.0199013669 0.995068371 -0.0971746445 -0.0199013669 0.995068371 -0.0971746445 0.0199013669 0.995068371 -0.0971746445 0.0199013669 0.995068371 -0.0971746445 0.0199013669 0.995068371 -0.0971746445 0.0199013669 0.995068371 -0.0971746445 0.0199013669 0.995068371 -0.0971746445 0.0199013669 0.995068371 -0.0970210582 0.0596097372 0.993495643 -0.0970210582 0.0596097372 0.993495643 -0.0970210582 0.0596097372 0.993495643 -0.0970210582 0.0596097372 0.993495643 -0.0970210582 0.0596097372 0.993495643 -0.0970210582 0.0596097372 0.993495643 -0.0967160612 0.0990372449 0.990372479 -0.0967160612 0.0990372449 0.990372479 -0.0967160612 0.0990372449 0.990372479 -0.0967160612 0.0990372449 0.990372479 -0.0967160612 0.0990372449 0.990372479 -0.0967160612 0.0990372449 0.990372479 -0.0962639078 0.138003945 0.98574245 -0.0962639078 0.138003945 0.98574245 -0.0962639078 0.138003945 0.98574245 -0.0962639078 0.138003945 0.98574245 -0.0962639078 0.138003945 0.98574245 -0.0962639078 0.138003945 0.98574245 -0.0956707895 0.176340401 0.979668915 -0.0956707895 0.176340401 0.979668915 -0.0956707895 0.176340401 0.979668915 -0.0956707895 0.176340401 0.979668915 -0.0956707895 0.176340401 0.979668915 -0.0956707895 0.176340401 0.979668915 -0.0949445814 0.213891163 0.972232521 -0.0949445814 0.213891163 0.972232521 -0.0949445814 0.213891163 0.972232521 -0.0949445814 0.213891163 0.972232521 -0.0949445814 0.213891163 0.972232521 -0.0949445814 0.213891163 0.972232521 -0.132350981 -0.212971628 0.968052864 -0.132350981 -0.212971628 0.968052864 -0.132350981 -0.212971628 0.968052864 -0.132350981 -0.212971628 0.968052864 -0.132350981 -0.212971628 0.968052864 -0.132350981 -0.212971628 0.968052864 -0.133354515 -0.175570741 0.975392997 -0.133354515 -0.175570741 0.975392997 -0.133354515 -0.175570741 0.975392997 -0.133354515 -0.175570741 0.975392997 -0.133354515 -0.175570741 0.975392997 -0.133354515 -0.175570741 0.975392997 -0.134173989 -0.13739416 0.98138684 -0.134173989 -0.13739416 0.98138684 -0.134173989 -0.13739416 0.98138684 -0.134173989 -0.13739416 0.98138684 -0.134173989 -0.13739416 0.98138684 -0.134173989 -0.13739416 0.98138684 -0.134798601 -0.0985955521 0.985955477 -0.134798601 -0.0985955521 0.985955477 -0.134798601 -0.0985955521 0.985955477 -0.134798601 -0.0985955521 0.985955477 -0.134798601 -0.0985955521 0.985955477 -0.134798601 -0.0985955521 0.985955477 -0.135219902 -0.0593422167 0.989036918 -0.135219902 -0.0593422167 0.989036918 -0.135219902 -0.0593422167 0.989036918 -0.135219902 -0.0593422167 0.989036918 -0.135219902 -0.0593422167 0.989036918 -0.135219902 -0.0593422167 0.989036918 -0.13543202 -0.0198117699 0.990588546 -0.13543202 -0.0198117699 0.990588546 -0.13543202 -0.0198117699 0.990588546 -0.13543202 -0.0198117699 0.990588546 -0.13543202 -0.0198117699 0.990588546 -0.13543202 -0.0198117699 0.990588546 -0.13543202 0.0198117699 0.990588546 -0.13543202 0.0198117699 0.990588546 -0.13543202 0.0198117699 0.990588546 -0.13543202 0.0198117699 0.990588546 -0.13543202 0.0198117699 0.990588546 -0.13543202 0.0198117699 0.990588546 -0.135219902 0.0593422167 0.989036918 -0.135219902 0.0593422167 0.989036918 -0.135219902 0.0593422167 0.989036918 -0.135219902 0.0593422167 0.989036918 -0.135219902 0.0593422167 0.989036918 -0.135219902 0.0593422167 0.989036918 -0.134798601 0.0985955521 0.985955477 -0.134798601 0.0985955521 0.985955477 -0.134798601 0.0985955521 0.985955477 -0.134798601 0.0985955521 0.985955477 -0.134798601 0.0985955521 0.985955477 -0.134798601 0.0985955521 0.985955477 -0.134173989 0.13739416 0.98138684 -0.134173989 0.13739416 0.98138684 -0.134173989 0.13739416 0.98138684 -0.134173989 0.13739416 0.98138684 -0.134173989 0.13739416 0.98138684 -0.134173989 0.13739416 0.98138684 -0.133354515 0.175570741 0.975392997 -0.133354515 0.175570741 0.975392997 -0.133354515 0.175570741 0.975392997 -0.133354515 0.175570741 0.975392997 -0.133354515 0.175570741 0.975392997 -0.133354515 0.175570741 0.975392997 -0.132350981 0.212971628 0.968052864 -0.132350981 0.212971628 0.968052864 -0.132350981 0.212971628 0.968052864 -0.132350981 0.212971628 0.968052864 -0.132350981 0.212971628 0.968052864 -0.132350981 0.212971628 0.968052864 -0.16920051 -0.211763829 0.962562859 -0.16920051 -0.211763829 0.962562859 -0.16920051 -0.211763829 0.962562859 -0.16920051 -0.211763829 0.962562859 -0.16920051 -0.211763829 0.962562859 -0.16920051 -0.211763829 0.962562859 -0.170468777 -0.174560025 0.969777882 -0.170468777 -0.174560025 0.969777882 -0.170468777 -0.174560025 0.969777882 -0.170468777 -0.174560025 0.969777882 -0.170468777 -0.174560025 0.969777882 -0.170468777 -0.174560025 0.969777882 -0.171504185 -0.13659355 0.975668252 -0.171504185 -0.13659355 0.975668252 -0.171504185 -0.13659355 0.975668252 -0.171504185 -0.13659355 0.975668252 -0.171504185 -0.13659355 0.975668252 -0.171504185 -0.13659355 0.975668252 -0.172293246 -0.0980157107 0.980157137 -0.172293246 -0.0980157107 0.980157137 -0.172293246 -0.0980157107 0.980157137 -0.172293246 -0.0980157107 0.980157137 -0.172293246 -0.0980157107 0.980157137 -0.172293246 -0.0980157107 0.980157137 -0.172825366 -0.0589910597 0.983184338 -0.172825366 -0.0589910597 0.983184338 -0.172825366 -0.0589910597 0.983184338 -0.172825366 -0.0589910597 0.983184338 -0.172825366 -0.0589910597 0.983184338 -0.172825366 -0.0589910597 0.983184338 -0.173093289 -0.01969417 0.984708488 -0.173093289 -0.01969417 0.984708488 -0.173093289 -0.01969417 0.984708488 -0.173093289 -0.01969417 0.984708488 -0.173093289 -0.01969417 0.984708488 -0.173093289 -0.01969417 0.984708488 -0.173093289 0.01969417 0.984708488 -0.173093289 0.01969417 0.984708488 -0.173093289 0.01969417 0.984708488 -0.173093289 0.01969417 0.984708488 -0.173093289 0.01969417 0.984708488 -0.173093289 0.01969417 0.984708488 -0.172825366 0.0589910597 0.983184338 -0.172825366 0.0589910597 0.983184338 -0.172825366 0.0589910597 0.983184338 -0.172825366 0.0589910597 0.983184338 -0.172825366 0.0589910597 0.983184338 -0.172825366 0.0589910597 0.983184338 -0.172293246 0.0980157107 0.980157137 -0.172293246 0.0980157107 0.980157137 -0.172293246 0.0980157107 0.980157137 -0.172293246 0.0980157107 0.980157137 -0.172293246 0.0980157107 0.980157137 -0.172293246 0.0980157107 0.980157137 -0.171504185 0.13659355 0.975668252 -0.171504185 0.13659355 0.975668252 -0.171504185 0.13659355 0.975668252 -0.171504185 0.13659355 0.975668252 -0.171504185 0.13659355 0.975668252 -0.171504185 0.13659355 0.975668252 -0.170468777 0.174560025 0.969777882 -0.170468777 0.174560025 0.969777882 -0.170468777 0.174560025 0.969777882 -0.170468777 0.174560025 0.969777882 -0.170468777 0.174560025 0.969777882 -0.170468777 0.174560025 0.969777882 -0.16920051 0.211763829 0.962562859 -0.16920051 0.211763829 0.962562859 -0.16920051 0.211763829 0.962562859 -0.16920051 0.211763829 0.962562859 -0.16920051 0.211763829 0.962562859 -0.16920051 0.211763829 0.962562859 -0.205354095 -0.210282594 0.955829978 -0.205354095 -0.210282594 0.955829978 -0.205354095 -0.210282594 0.955829978 -0.205354095 -0.210282594 0.955829978 -0.205354095 -0.210282594 0.955829978 -0.205354095 -0.210282594 0.955829978 -0.206871659 -0.173320845 0.962893546 -0.206871659 -0.173320845 0.962893546 -0.206871659 -0.173320845 0.962893546 -0.206871659 -0.173320845 0.962893546 -0.206871659 -0.173320845 0.962893546 -0.206871659 -0.173320845 0.962893546 -0.208110243 -0.135612205 0.968658566 -0.208110243 -0.135612205 0.968658566 -0.208110243 -0.135612205 0.968658566 -0.208110243 -0.135612205 0.968658566 -0.208110243 -0.135612205 0.968658566 -0.208110243 -0.135612205 0.968658566 -0.209053919 -0.0973050967 0.973050952 -0.209053919 -0.0973050967 0.973050952 -0.209053919 -0.0973050967 0.973050952 -0.209053919 -0.0973050967 0.973050952 -0.209053919 -0.0973050967 0.973050952 -0.209053919 -0.0973050967 0.973050952 -0.209690213 -0.0585607588 0.976012647 -0.209690213 -0.0585607588 0.976012647 -0.209690213 -0.0585607588 0.976012647 -0.209690213 -0.0585607588 0.976012647 -0.209690213 -0.0585607588 0.976012647 -0.209690213 -0.0585607588 0.976012647 -0.210010543 -0.019550072 0.977503657 -0.210010543 -0.019550072 0.977503657 -0.210010543 -0.019550072 0.977503657 -0.210010543 -0.019550072 0.977503657 -0.210010543 -0.019550072 0.977503657 -0.210010543 -0.019550072 0.977503657 -0.210010543 0.019550072 0.977503657 -0.210010543 0.019550072 0.977503657 -0.210010543 0.019550072 0.977503657 -0.210010543 0.019550072 0.977503657 -0.210010543 0.019550072 0.977503657 -0.210010543 0.019550072 0.977503657 -0.209690213 0.0585607588 0.976012647 -0.209690213 0.0585607588 0.976012647 -0.209690213 0.0585607588 0.976012647 -0.209690213 0.0585607588 0.976012647 -0.209690213 0.0585607588 0.976012647 -0.209690213 0.0585607588 0.976012647 -0.209053919 0.0973050967 0.973050952 -0.209053919 0.0973050967 0.973050952 -0.209053919 0.0973050967 0.973050952 -0.209053919 0.0973050967 0.973050952 -0.209053919 0.0973050967 0.973050952 -0.209053919 0.0973050967 0.973050952 -0.208110243 0.135612205 0.968658566 -0.208110243 0.135612205 0.968658566 -0.208110243 0.135612205 0.968658566 -0.208110243 0.135612205 0.968658566 -0.208110243 0.135612205 0.968658566 -0.208110243 0.135612205 0.968658566 -0.206871659 0.173320845 0.962893546 -0.206871659 0.173320845 0.962893546 -0.206871659 0.173320845 0.962893546 -0.206871659 0.173320845 0.962893546 -0.206871659 0.173320845 0.962893546 -0.206871659 0.173320845 0.962893546 -0.205354095 0.210282594 0.955829978 -0.205354095 0.210282594 0.955829978 -0.205354095 0.210282594 0.955829978 -0.205354095 0.210282594 0.955829978 -0.205354095 0.210282594 0.955829978 -0.205354095 0.210282594 0.955829978 -0.240686372 -0.208545476 0.947933972 -0.240686372 -0.208545476 0.947933972 -0.240686372 -0.208545476 0.947933972 -0.240686372 -0.208545476 0.947933972 -0.240686372 -0.208545476 0.947933972 -0.240686372 -0.208545476 0.947933972 -0.242435455 -0.171868086 0.954822719 -0.242435455 -0.171868086 0.954822719 -0.242435455 -0.171868086 0.954822719 -0.242435455 -0.171868086 0.954822719 -0.242435455 -0.171868086 0.954822719 -0.242435455 -0.171868086 0.954822719 -0.24386251 -0.134462044 0.960443139 -0.24386251 -0.134462044 0.960443139 -0.24386251 -0.134462044 0.960443139 -0.24386251 -0.134462044 0.960443139 -0.24386251 -0.134462044 0.960443139 -0.24386251 -0.134462044 0.960443139 -0.244949505 -0.0964724198 0.964724243 -0.244949505 -0.0964724198 0.964724243 -0.244949505 -0.0964724198 0.964724243 -0.244949505 -0.0964724198 0.964724243 -0.244949505 -0.0964724198 0.964724243 -0.244949505 -0.0964724198 0.964724243 -0.245682299 -0.0580566153 0.9676103 -0.245682299 -0.0580566153 0.9676103 -0.245682299 -0.0580566153 0.9676103 -0.245682299 -0.0580566153 0.9676103 -0.245682299 -0.0580566153 0.9676103 -0.245682299 -0.0580566153 0.9676103 -0.246051162 -0.0193812605 0.969063044 -0.246051162 -0.0193812605 0.969063044 -0.246051162 -0.0193812605 0.969063044 -0.246051162 -0.0193812605 0.969063044 -0.246051162 -0.0193812605 0.969063044 -0.246051162 -0.0193812605 0.969063044 -0.246051162 0.0193812605 0.969063044 -0.246051162 0.0193812605 0.969063044 -0.246051162 0.0193812605 0.969063044 -0.246051162 0.0193812605 0.969063044 -0.246051162 0.0193812605 0.969063044 -0.246051162 0.0193812605 0.969063044 -0.245682299 0.0580566153 0.9676103 -0.245682299 0.0580566153 0.9676103 -0.245682299 0.0580566153 0.9676103 -0.245682299 0.0580566153 0.9676103 -0.245682299 0.0580566153 0.9676103 -0.245682299 0.0580566153 0.9676103 -0.244949505 0.0964724198 0.964724243 -0.244949505 0.0964724198 0.964724243 -0.244949505 0.0964724198 0.964724243 -0.244949505 0.0964724198 0.964724243 -0.244949505 0.0964724198 0.964724243 -0.244949505 0.0964724198 0.964724243 -0.24386251 0.134462044 0.960443139 -0.24386251 0.134462044 0.960443139 -0.24386251 0.134462044 0.960443139 -0.24386251 0.134462044 0.960443139 -0.24386251 0.134462044 0.960443139 -0.24386251 0.134462044 0.960443139 -0.242435455 0.171868086 0.954822719 -0.242435455 0.171868086 0.954822719 -0.242435455 0.171868086 0.954822719 -0.242435455 0.171868086 0.954822719 -0.242435455 0.171868086 0.954822719 -0.242435455 0.171868086 0.954822719 -0.240686372 0.208545476 0.947933972 -0.240686372 0.208545476 0.947933972 -0.240686372 0.208545476 0.947933972 -0.240686372 0.208545476 0.947933972 -0.240686372 0.208545476 0.947933972 -0.240686372 0.208545476 0.947933972 -0.275087327 -0.20657225 0.938964784 -0.275087327 -0.20657225 0.938964784 -0.275087327 -0.20657225 0.938964784 -0.275087327 -0.20657225 0.938964784 -0.275087327 -0.20657225 0.938964784 -0.275087327 -0.20657225 0.938964784 -0.277048379 -0.170218512 0.945658445 -0.277048379 -0.170218512 0.945658445 -0.277048379 -0.170218512 0.945658445 -0.277048379 -0.170218512 0.945658445 -0.277048379 -0.170218512 0.945658445 -0.277048379 -0.170218512 0.945658445 -0.278647751 -0.133156478 0.951117635 -0.278647751 -0.133156478 0.951117635 -0.278647751 -0.133156478 0.951117635 -0.278647751 -0.133156478 0.951117635 -0.278647751 -0.133156478 0.951117635 -0.278647751 -0.133156478 0.951117635 -0.279865623 -0.0955274701 0.955274701 -0.279865623 -0.0955274701 0.955274701 -0.279865623 -0.0955274701 0.955274701 -0.279865623 -0.0955274701 0.955274701 -0.279865623 -0.0955274701 0.955274701 -0.279865623 -0.0955274701 0.955274701 -0.280686468 -0.0574845895 0.958076537 -0.280686468 -0.0574845895 0.958076537 -0.280686468 -0.0574845895 0.958076537 -0.280686468 -0.0574845895 0.958076537 -0.280686468 -0.0574845895 0.958076537 -0.280686468 -0.0574845895 0.958076537 -0.281099617 -0.019189734 0.959486723 -0.281099617 -0.019189734 0.959486723 -0.281099617 -0.019189734 0.959486723 -0.281099617 -0.019189734 0.959486723 -0.281099617 -0.019189734 0.959486723 -0.281099617 -0.019189734 0.959486723 -0.281099617 0.019189734 0.959486723 -0.281099617 0.019189734 0.959486723 -0.281099617 0.019189734 0.959486723 -0.281099617 0.019189734 0.959486723 -0.281099617 0.019189734 0.959486723 -0.281099617 0.019189734 0.959486723 -0.280686468 0.0574845895 0.958076537 -0.280686468 0.0574845895 0.958076537 -0.280686468 0.0574845895 0.958076537 -0.280686468 0.0574845895 0.958076537 -0.280686468 0.0574845895 0.958076537 -0.280686468 0.0574845895 0.958076537 -0.279865623 0.0955274701 0.955274701 -0.279865623 0.0955274701 0.955274701 -0.279865623 0.0955274701 0.955274701 -0.279865623 0.0955274701 0.955274701 -0.279865623 0.0955274701 0.955274701 -0.279865623 0.0955274701 0.955274701 -0.278647751 0.133156478 0.951117635 -0.278647751 0.133156478 0.951117635 -0.278647751 0.133156478 0.951117635 -0.278647751 0.133156478 0.951117635 -0.278647751 0.133156478 0.951117635 -0.278647751 0.133156478 0.951117635 -0.277048379 0.170218512 0.945658445 -0.277048379 0.170218512 0.945658445 -0.277048379 0.170218512 0.945658445 -0.277048379 0.170218512 0.945658445 -0.277048379 0.170218512 0.945658445 -0.277048379 0.170218512 0.945658445 -0.275087327 0.20657225 0.938964784 -0.275087327 0.20657225 0.938964784 -0.275087327 0.20657225 0.938964784 -0.275087327 0.20657225 0.938964784 -0.275087327 0.20657225 0.938964784 -0.275087327 0.20657225 0.938964784 -0.308463514 -0.204384297 0.92901957 -0.308463514 -0.204384297 0.92901957 -0.308463514 -0.204384297 0.92901957 -0.308463514 -0.204384297 0.92901957 -0.308463514 -0.204384297 0.92901957 -0.308463514 -0.204384297 0.92901957 -0.310615659 -0.168390229 0.935501277 -0.310615659 -0.168390229 0.935501277 -0.310615659 -0.168390229 0.935501277 -0.310615659 -0.168390229 0.935501277 -0.310615659 -0.168390229 0.935501277 -0.310615659 -0.168390229 0.935501277 -0.312370181 -0.131709963 0.940785468 -0.312370181 -0.131709963 0.940785468 -0.312370181 -0.131709963 0.940785468 -0.312370181 -0.131709963 0.940785468 -0.312370181 -0.131709963 0.940785468 -0.312370181 -0.131709963 0.940785468 -0.313705772 -0.0944807976 0.944807947 -0.313705772 -0.0944807976 0.944807947 -0.313705772 -0.0944807976 0.944807947 -0.313705772 -0.0944807976 0.944807947 -0.313705772 -0.0944807976 0.944807947 -0.313705772 -0.0944807976 0.944807947 -0.314605743 -0.0568511076 0.947518408 -0.314605743 -0.0568511076 0.947518408 -0.314605743 -0.0568511076 0.947518408 -0.314605743 -0.0568511076 0.947518408 -0.314605743 -0.0568511076 0.947518408 -0.314605743 -0.0568511076 0.947518408 -0.315058619 -0.0189776495 0.948882461 -0.315058619 -0.0189776495 0.948882461 -0.315058619 -0.0189776495 0.948882461 -0.315058619 -0.0189776495 0.948882461 -0.315058619 -0.0189776495 0.948882461 -0.315058619 -0.0189776495 0.948882461 -0.315058619 0.0189776495 0.948882461 -0.315058619 0.0189776495 0.948882461 -0.315058619 0.0189776495 0.948882461 -0.315058619 0.0189776495 0.948882461 -0.315058619 0.0189776495 0.948882461 -0.315058619 0.0189776495 0.948882461 -0.314605743 0.0568511076 0.947518408 -0.314605743 0.0568511076 0.947518408 -0.314605743 0.0568511076 0.947518408 -0.314605743 0.0568511076 0.947518408 -0.314605743 0.0568511076 0.947518408 -0.314605743 0.0568511076 0.947518408 -0.313705772 0.0944807976 0.944807947 -0.313705772 0.0944807976 0.944807947 -0.313705772 0.0944807976 0.944807947 -0.313705772 0.0944807976 0.944807947 -0.313705772 0.0944807976 0.944807947 -0.313705772 0.0944807976 0.944807947 -0.312370181 0.131709963 0.940785468 -0.312370181 0.131709963 0.940785468 -0.312370181 0.131709963 0.940785468 -0.312370181 0.131709963 0.940785468 -0.312370181 0.131709963 0.940785468 -0.312370181 0.131709963 0.940785468 -0.310615659 0.168390229 0.935501277 -0.310615659 0.168390229 0.935501277 -0.310615659 0.168390229 0.935501277 -0.310615659 0.168390229 0.935501277 -0.310615659 0.168390229 0.935501277 -0.310615659 0.168390229 0.935501277 -0.308463514 0.204384297 0.92901957 -0.308463514 0.204384297 0.92901957 -0.308463514 0.204384297 0.92901957 -0.308463514 0.204384297 0.92901957 -0.308463514 0.204384297 0.92901957 -0.308463514 0.204384297 0.92901957 -0.340738386 -0.20200406 0.918200254 -0.340738386 -0.20200406 0.918200254 -0.340738386 -0.20200406 0.918200254 -0.340738386 -0.20200406 0.918200254 -0.340738386 -0.20200406 0.918200254 -0.340738386 -0.20200406 0.918200254 -0.343060076 -0.166402191 0.924456656 -0.343060076 -0.166402191 0.924456656 -0.343060076 -0.166402191 0.924456656 -0.343060076 -0.166402191 0.924456656 -0.343060076 -0.166402191 0.924456656 -0.343060076 -0.166402191 0.924456656 -0.344952017 -0.130137682 0.92955488 -0.344952017 -0.130137682 0.92955488 -0.344952017 -0.130137682 0.92955488 -0.344952017 -0.130137682 0.92955488 -0.344952017 -0.130137682 0.92955488 -0.344952017 -0.130137682 0.92955488 -0.346391678 -0.0933434442 0.933434427 -0.346391678 -0.0933434442 0.933434427 -0.346391678 -0.0933434442 0.933434427 -0.346391678 -0.0933434442 0.933434427 -0.346391678 -0.0933434442 0.933434427 -0.346391678 -0.0933434442 0.933434427 -0.347361535 -0.0561628751 0.936047912 -0.347361535 -0.0561628751 0.936047912 -0.347361535 -0.0561628751 0.936047912 -0.347361535 -0.0561628751 0.936047912 -0.347361535 -0.0561628751 0.936047912 -0.347361535 -0.0561628751 0.936047912 -0.347849518 -0.0187472589 0.937362909 -0.347849518 -0.0187472589 0.937362909 -0.347849518 -0.0187472589 0.937362909 -0.347849518 -0.0187472589 0.937362909 -0.347849518 -0.0187472589 0.937362909 -0.347849518 -0.0187472589 0.937362909 -0.347849518 0.0187472589 0.937362909 -0.347849518 0.0187472589 0.937362909 -0.347849518 0.0187472589 0.937362909 -0.347849518 0.0187472589 0.937362909 -0.347849518 0.0187472589 0.937362909 -0.347849518 0.0187472589 0.937362909 -0.347361535 0.0561628751 0.936047912 -0.347361535 0.0561628751 0.936047912 -0.347361535 0.0561628751 0.936047912 -0.347361535 0.0561628751 0.936047912 -0.347361535 0.0561628751 0.936047912 -0.347361535 0.0561628751 0.936047912 -0.346391678 0.0933434442 0.933434427 -0.346391678 0.0933434442 0.933434427 -0.346391678 0.0933434442 0.933434427 -0.346391678 0.0933434442 0.933434427 -0.346391678 0.0933434442 0.933434427 -0.346391678 0.0933434442 0.933434427 -0.344952017 0.130137682 0.92955488 -0.344952017 0.130137682 0.92955488 -0.344952017 0.130137682 0.92955488 -0.344952017 0.130137682 0.92955488 -0.344952017 0.130137682 0.92955488 -0.344952017 0.130137682 0.92955488 -0.343060076 0.166402191 0.924456656 -0.343060076 0.166402191 0.924456656 -0.343060076 0.166402191 0.924456656 -0.343060076 0.166402191 0.924456656 -0.343060076 0.166402191 0.924456656 -0.343060076 0.166402191 0.924456656 -0.340738386 0.20200406 0.918200254 -0.340738386 0.20200406 0.918200254 -0.340738386 0.20200406 0.918200254 -0.340738386 0.20200406 0.918200254 -0.340738386 0.20200406 0.918200254 -0.340738386 0.20200406 0.918200254 -0.371852249 -0.199454457 0.906611204 -0.371852249 -0.199454457 0.906611204 -0.371852249 -0.199454457 0.906611204 -0.371852249 -0.199454457 0.906611204 -0.371852249 -0.199454457 0.906611204 -0.371852249 -0.199454457 0.906611204 -0.374321759 -0.164273784 0.912632108 -0.374321759 -0.164273784 0.912632108 -0.374321759 -0.164273784 0.912632108 -0.374321759 -0.164273784 0.912632108 -0.374321759 -0.164273784 0.912632108 -0.374321759 -0.164273784 0.912632108 -0.376333207 -0.128455058 0.917536199 -0.376333207 -0.128455058 0.917536199 -0.376333207 -0.128455058 0.917536199 -0.376333207 -0.128455058 0.917536199 -0.376333207 -0.128455058 0.917536199 -0.376333207 -0.128455058 0.917536199 -0.377863228 -0.0921266526 0.921266556 -0.377863228 -0.0921266526 0.921266556 -0.377863228 -0.0921266526 0.921266556 -0.377863228 -0.0921266526 0.921266556 -0.377863228 -0.0921266526 0.921266556 -0.377863228 -0.0921266526 0.921266556 -0.378893673 -0.0554267354 0.923778892 -0.378893673 -0.0554267354 0.923778892 -0.378893673 -0.0554267354 0.923778892 -0.378893673 -0.0554267354 0.923778892 -0.378893673 -0.0554267354 0.923778892 -0.378893673 -0.0554267354 0.923778892 -0.379412085 -0.0185008552 0.925042808 -0.379412085 -0.0185008552 0.925042808 -0.379412085 -0.0185008552 0.925042808 -0.379412085 -0.0185008552 0.925042808 -0.379412085 -0.0185008552 0.925042808 -0.379412085 -0.0185008552 0.925042808 -0.379412085 0.0185008552 0.925042808 -0.379412085 0.0185008552 0.925042808 -0.379412085 0.0185008552 0.925042808 -0.379412085 0.0185008552 0.925042808 -0.379412085 0.0185008552 0.925042808 -0.379412085 0.0185008552 0.925042808 -0.378893673 0.0554267354 0.923778892 -0.378893673 0.0554267354 0.923778892 -0.378893673 0.0554267354 0.923778892 -0.378893673 0.0554267354 0.923778892 -0.378893673 0.0554267354 0.923778892 -0.378893673 0.0554267354 0.923778892 -0.377863228 0.0921266526 0.921266556 -0.377863228 0.0921266526 0.921266556 -0.377863228 0.0921266526 0.921266556 -0.377863228 0.0921266526 0.921266556 -0.377863228 0.0921266526 0.921266556 -0.377863228 0.0921266526 0.921266556 -0.376333207 0.128455058 0.917536199 -0.376333207 0.128455058 0.917536199 -0.376333207 0.128455058 0.917536199 -0.376333207 0.128455058 0.917536199 -0.376333207 0.128455058 0.917536199 -0.376333207 0.128455058 0.917536199 -0.374321759 0.164273784 0.912632108 -0.374321759 0.164273784 0.912632108 -0.374321759 0.164273784 0.912632108 -0.374321759 0.164273784 0.912632108 -0.374321759 0.164273784 0.912632108 -0.374321759 0.164273784 0.912632108 -0.371852249 0.199454457 0.906611204 -0.371852249 0.199454457 0.906611204 -0.371852249 0.199454457 0.906611204 -0.371852249 0.199454457 0.906611204 -0.371852249 0.199454457 0.906611204 -0.371852249 0.199454457 0.906611204 -0.40176174 -0.196758434 0.894356549 -0.40176174 -0.196758434 0.894356549 -0.40176174 -0.196758434 0.894356549 -0.40176174 -0.196758434 0.894356549 -0.40176174 -0.196758434 0.894356549 -0.40176174 -0.196758434 0.894356549 -0.404357553 -0.162024304 0.90013504 -0.404357553 -0.162024304 0.90013504 -0.404357553 -0.162024304 0.90013504 -0.404357553 -0.162024304 0.90013504 -0.404357553 -0.162024304 0.90013504 -0.404357553 -0.162024304 0.90013504 -0.406470805 -0.126677513 0.904839396 -0.406470805 -0.126677513 0.904839396 -0.406470805 -0.126677513 0.904839396 -0.406470805 -0.126677513 0.904839396 -0.406470805 -0.126677513 0.904839396 -0.406470805 -0.126677513 0.904839396 -0.408077687 -0.0908416435 0.90841645 -0.408077687 -0.0908416435 0.90841645 -0.408077687 -0.0908416435 0.90841645 -0.408077687 -0.0908416435 0.90841645 -0.408077687 -0.0908416435 0.90841645 -0.408077687 -0.0908416435 0.90841645 -0.409159601 -0.0546494909 0.910824835 -0.409159601 -0.0546494909 0.910824835 -0.409159601 -0.0546494909 0.910824835 -0.409159601 -0.0546494909 0.910824835 -0.409159601 -0.0546494909 0.910824835 -0.409159601 -0.0546494909 0.910824835 -0.409703791 -0.0182407238 0.91203624 -0.409703791 -0.0182407238 0.91203624 -0.409703791 -0.0182407238 0.91203624 -0.409703791 -0.0182407238 0.91203624 -0.409703791 -0.0182407238 0.91203624 -0.409703791 -0.0182407238 0.91203624 -0.409703791 0.0182407238 0.91203624 -0.409703791 0.0182407238 0.91203624 -0.409703791 0.0182407238 0.91203624 -0.409703791 0.0182407238 0.91203624 -0.409703791 0.0182407238 0.91203624 -0.409703791 0.0182407238 0.91203624 -0.409159601 0.0546494909 0.910824835 -0.409159601 0.0546494909 0.910824835 -0.409159601 0.0546494909 0.910824835 -0.409159601 0.0546494909 0.910824835 -0.409159601 0.0546494909 0.910824835 -0.409159601 0.0546494909 0.910824835 -0.408077687 0.0908416435 0.90841645 -0.408077687 0.0908416435 0.90841645 -0.408077687 0.0908416435 0.90841645 -0.408077687 0.0908416435 0.90841645 -0.408077687 0.0908416435 0.90841645 -0.408077687 0.0908416435 0.90841645 -0.406470805 0.126677513 0.904839396 -0.406470805 0.126677513 0.904839396 -0.406470805 0.126677513 0.904839396 -0.406470805 0.126677513 0.904839396 -0.406470805 0.126677513 0.904839396 -0.406470805 0.126677513 0.904839396 -0.404357553 0.162024304 0.90013504 -0.404357553 0.162024304 0.90013504 -0.404357553 0.162024304 0.90013504 -0.404357553 0.162024304 0.90013504 -0.404357553 0.162024304 0.90013504 -0.404357553 0.162024304 0.90013504 -0.40176174 0.196758434 0.894356549 -0.40176174 0.196758434 0.894356549 -0.40176174 0.196758434 0.894356549 -0.40176174 0.196758434 0.894356549 -0.40176174 0.196758434 0.894356549 -0.40176174 0.196758434 0.894356549 -0.430438787 -0.193938494 0.88153863 -0.430438787 -0.193938494 0.88153863 -0.430438787 -0.193938494 0.88153863 -0.430438787 -0.193938494 0.88153863 -0.430438787 -0.193938494 0.88153863 -0.430438787 -0.193938494 0.88153863 -0.43313998 -0.159672722 0.887070656 -0.43313998 -0.159672722 0.887070656 -0.43313998 -0.159672722 0.887070656 -0.43313998 -0.159672722 0.887070656 -0.43313998 -0.159672722 0.887070656 -0.43313998 -0.159672722 0.887070656 -0.435337931 -0.124820098 0.891572118 -0.435337931 -0.124820098 0.891572118 -0.435337931 -0.124820098 0.891572118 -0.435337931 -0.124820098 0.891572118 -0.435337931 -0.124820098 0.891572118 -0.435337931 -0.124820098 0.891572118 -0.43700856 -0.0894993544 0.894993544 -0.43700856 -0.0894993544 0.894993544 -0.43700856 -0.0894993544 0.894993544 -0.43700856 -0.0894993544 0.894993544 -0.43700856 -0.0894993544 0.894993544 -0.43700856 -0.0894993544 0.894993544 -0.438133031 -0.0538377874 0.897296488 -0.438133031 -0.0538377874 0.897296488 -0.438133031 -0.0538377874 0.897296488 -0.438133031 -0.0538377874 0.897296488 -0.438133031 -0.0538377874 0.897296488 -0.438133031 -0.0538377874 0.897296488 -0.43869853 -0.0179690924 0.898454607 -0.43869853 -0.0179690924 0.898454607 -0.43869853 -0.0179690924 0.898454607 -0.43869853 -0.0179690924 0.898454607 -0.43869853 -0.0179690924 0.898454607 -0.43869853 -0.0179690924 0.898454607 -0.43869853 0.0179690924 0.898454607 -0.43869853 0.0179690924 0.898454607 -0.43869853 0.0179690924 0.898454607 -0.43869853 0.0179690924 0.898454607 -0.43869853 0.0179690924 0.898454607 -0.43869853 0.0179690924 0.898454607 -0.438133031 0.0538377874 0.897296488 -0.438133031 0.0538377874 0.897296488 -0.438133031 0.0538377874 0.897296488 -0.438133031 0.0538377874 0.897296488 -0.438133031 0.0538377874 0.897296488 -0.438133031 0.0538377874 0.897296488 -0.43700856 0.0894993544 0.894993544 -0.43700856 0.0894993544 0.894993544 -0.43700856 0.0894993544 0.894993544 -0.43700856 0.0894993544 0.894993544 -0.43700856 0.0894993544 0.894993544 -0.43700856 0.0894993544 0.894993544 -0.435337931 0.124820098 0.891572118 -0.435337931 0.124820098 0.891572118 -0.435337931 0.124820098 0.891572118 -0.435337931 0.124820098 0.891572118 -0.435337931 0.124820098 0.891572118 -0.435337931 0.124820098 0.891572118 -0.43313998 0.159672722 0.887070656 -0.43313998 0.159672722 0.887070656 -0.43313998 0.159672722 0.887070656 -0.43313998 0.159672722 0.887070656 -0.43313998 0.159672722 0.887070656 -0.43313998 0.159672722 0.887070656 -0.430438787 0.193938494 0.88153863 -0.430438787 0.193938494 0.88153863 -0.430438787 0.193938494 0.88153863 -0.430438787 0.193938494 0.88153863 -0.430438787 0.193938494 0.88153863 -0.430438787 0.193938494 0.88153863 -0.457869351 -0.191016316 0.868255973 -0.457869351 -0.191016316 0.868255973 -0.457869351 -0.191016316 0.868255973 -0.457869351 -0.191016316 0.868255973 -0.457869351 -0.191016316 0.868255973 -0.457869351 -0.191016316 0.868255973 -0.460655987 -0.157237247 0.873540223 -0.460655987 -0.157237247 0.873540223 -0.460655987 -0.157237247 0.873540223 -0.460655987 -0.157237247 0.873540223 -0.460655987 -0.157237247 0.873540223 -0.460655987 -0.157237247 0.873540223 -0.462922275 -0.12289729 0.877837837 -0.462922275 -0.12289729 0.877837837 -0.462922275 -0.12289729 0.877837837 -0.462922275 -0.12289729 0.877837837 -0.462922275 -0.12289729 0.877837837 -0.462922275 -0.12289729 0.877837837 -0.464644134 -0.0881102979 0.88110292 -0.464644134 -0.0881102979 0.88110292 -0.464644134 -0.0881102979 0.88110292 -0.464644134 -0.0881102979 0.88110292 -0.464644134 -0.0881102979 0.88110292 -0.464644134 -0.0881102979 0.88110292 -0.465802759 -0.0529980026 0.883300066 -0.465802759 -0.0529980026 0.883300066 -0.465802759 -0.0529980026 0.883300066 -0.465802759 -0.0529980026 0.883300066 -0.465802759 -0.0529980026 0.883300066 -0.465802759 -0.0529980026 0.883300066 -0.466385335 -0.0176880956 0.884404778 -0.466385335 -0.0176880956 0.884404778 -0.466385335 -0.0176880956 0.884404778 -0.466385335 -0.0176880956 0.884404778 -0.466385335 -0.0176880956 0.884404778 -0.466385335 -0.0176880956 0.884404778 -0.466385335 0.0176880956 0.884404778 -0.466385335 0.0176880956 0.884404778 -0.466385335 0.0176880956 0.884404778 -0.466385335 0.0176880956 0.884404778 -0.466385335 0.0176880956 0.884404778 -0.466385335 0.0176880956 0.884404778 -0.465802759 0.0529980026 0.883300066 -0.465802759 0.0529980026 0.883300066 -0.465802759 0.0529980026 0.883300066 -0.465802759 0.0529980026 0.883300066 -0.465802759 0.0529980026 0.883300066 -0.465802759 0.0529980026 0.883300066 -0.464644134 0.0881102979 0.88110292 -0.464644134 0.0881102979 0.88110292 -0.464644134 0.0881102979 0.88110292 -0.464644134 0.0881102979 0.88110292 -0.464644134 0.0881102979 0.88110292 -0.464644134 0.0881102979 0.88110292 -0.462922275 0.12289729 0.877837837 -0.462922275 0.12289729 0.877837837 -0.462922275 0.12289729 0.877837837 -0.462922275 0.12289729 0.877837837 -0.462922275 0.12289729 0.877837837 -0.462922275 0.12289729 0.877837837 -0.460655987 0.157237247 0.873540223 -0.460655987 0.157237247 0.873540223 -0.460655987 0.157237247 0.873540223 -0.460655987 0.157237247 0.873540223 -0.460655987 0.157237247 0.873540223 -0.460655987 0.157237247 0.873540223 -0.457869351 0.191016316 0.868255973 -0.457869351 0.191016316 0.868255973 -0.457869351 0.191016316 0.868255973 -0.457869351 0.191016316 0.868255973 -0.457869351 0.191016316 0.868255973 -0.457869351 0.191016316 0.868255973 -0.484052032 -0.188012481 0.854602218 -0.484052032 -0.188012481 0.854602218 -0.484052032 -0.188012481 0.854602218 -0.484052032 -0.188012481 0.854602218 -0.484052032 -0.188012481 0.854602218 -0.484052032 -0.188012481 0.854602218 -0.486905277 -0.154735133 0.859639645 -0.486905277 -0.154735133 0.859639645 -0.486905277 -0.154735133 0.859639645 -0.486905277 -0.154735133 0.859639645 -0.486905277 -0.154735133 0.859639645 -0.486905277 -0.154735133 0.859639645 -0.489224523 -0.120922811 0.863734365 -0.489224523 -0.120922811 0.863734365 -0.489224523 -0.120922811 0.863734365 -0.489224523 -0.120922811 0.863734365 -0.489224523 -0.120922811 0.863734365 -0.489224523 -0.120922811 0.863734365 -0.4909859 -0.0866844058 0.866844058 -0.4909859 -0.0866844058 0.866844058 -0.4909859 -0.0866844058 0.866844058 -0.4909859 -0.0866844058 0.866844058 -0.4909859 -0.0866844058 0.866844058 -0.4909859 -0.0866844058 0.866844058 -0.492170781 -0.0521361604 0.868936002 -0.492170781 -0.0521361604 0.868936002 -0.492170781 -0.0521361604 0.868936002 -0.492170781 -0.0521361604 0.868936002 -0.492170781 -0.0521361604 0.868936002 -0.492170781 -0.0521361604 0.868936002 -0.49276644 -0.0173997525 0.869987667 -0.49276644 -0.0173997525 0.869987667 -0.49276644 -0.0173997525 0.869987667 -0.49276644 -0.0173997525 0.869987667 -0.49276644 -0.0173997525 0.869987667 -0.49276644 -0.0173997525 0.869987667 -0.49276644 0.0173997525 0.869987667 -0.49276644 0.0173997525 0.869987667 -0.49276644 0.0173997525 0.869987667 -0.49276644 0.0173997525 0.869987667 -0.49276644 0.0173997525 0.869987667 -0.49276644 0.0173997525 0.869987667 -0.492170781 0.0521361604 0.868936002 -0.492170781 0.0521361604 0.868936002 -0.492170781 0.0521361604 0.868936002 -0.492170781 0.0521361604 0.868936002 -0.492170781 0.0521361604 0.868936002 -0.492170781 0.0521361604 0.868936002 -0.4909859 0.0866844058 0.866844058 -0.4909859 0.0866844058 0.866844058 -0.4909859 0.0866844058 0.866844058 -0.4909859 0.0866844058 0.866844058 -0.4909859 0.0866844058 0.866844058 -0.4909859 0.0866844058 0.866844058 -0.489224523 0.120922811 0.863734365 -0.489224523 0.120922811 0.863734365 -0.489224523 0.120922811 0.863734365 -0.489224523 0.120922811 0.863734365 -0.489224523 0.120922811 0.863734365 -0.489224523 0.120922811 0.863734365 -0.486905277 0.154735133 0.859639645 -0.486905277 0.154735133 0.859639645 -0.486905277 0.154735133 0.859639645 -0.486905277 0.154735133 0.859639645 -0.486905277 0.154735133 0.859639645 -0.486905277 0.154735133 0.859639645 -0.484052032 0.188012481 0.854602218 -0.484052032 0.188012481 0.854602218 -0.484052032 0.188012481 0.854602218 -0.484052032 0.188012481 0.854602218 -0.484052032 0.188012481 0.854602218 -0.484052032 0.188012481 0.854602218 -0.508996367 -0.184946284 0.840664983 -0.508996367 -0.184946284 0.840664983 -0.508996367 -0.184946284 0.840664983 -0.508996367 -0.184946284 0.840664983 -0.508996367 -0.184946284 0.840664983 -0.508996367 -0.184946284 0.840664983 -0.511898756 -0.152182534 0.845458567 -0.511898756 -0.152182534 0.845458567 -0.511898756 -0.152182534 0.845458567 -0.511898756 -0.152182534 0.845458567 -0.511898756 -0.152182534 0.845458567 -0.511898756 -0.152182534 0.845458567 -0.514256716 -0.118909426 0.849353015 -0.514256716 -0.118909426 0.849353015 -0.514256716 -0.118909426 0.849353015 -0.514256716 -0.118909426 0.849353015 -0.514256716 -0.118909426 0.849353015 -0.514256716 -0.118909426 0.849353015 -0.516046762 -0.0852309465 0.852309465 -0.516046762 -0.0852309465 0.852309465 -0.516046762 -0.0852309465 0.852309465 -0.516046762 -0.0852309465 0.852309465 -0.516046762 -0.0852309465 0.852309465 -0.516046762 -0.0852309465 0.852309465 -0.517250538 -0.0512578599 0.854297698 -0.517250538 -0.0512578599 0.854297698 -0.517250538 -0.0512578599 0.854297698 -0.517250538 -0.0512578599 0.854297698 -0.517250538 -0.0512578599 0.854297698 -0.517250538 -0.0512578599 0.854297698 -0.517855585 -0.0171059407 0.855297029 -0.517855585 -0.0171059407 0.855297029 -0.517855585 -0.0171059407 0.855297029 -0.517855585 -0.0171059407 0.855297029 -0.517855585 -0.0171059407 0.855297029 -0.517855585 -0.0171059407 0.855297029 -0.517855585 0.0171059407 0.855297029 -0.517855585 0.0171059407 0.855297029 -0.517855585 0.0171059407 0.855297029 -0.517855585 0.0171059407 0.855297029 -0.517855585 0.0171059407 0.855297029 -0.517855585 0.0171059407 0.855297029 -0.517250538 0.0512578599 0.854297698 -0.517250538 0.0512578599 0.854297698 -0.517250538 0.0512578599 0.854297698 -0.517250538 0.0512578599 0.854297698 -0.517250538 0.0512578599 0.854297698 -0.517250538 0.0512578599 0.854297698 -0.516046762 0.0852309465 0.852309465 -0.516046762 0.0852309465 0.852309465 -0.516046762 0.0852309465 0.852309465 -0.516046762 0.0852309465 0.852309465 -0.516046762 0.0852309465 0.852309465 -0.516046762 0.0852309465 0.852309465 -0.514256716 0.118909426 0.849353015 -0.514256716 0.118909426 0.849353015 -0.514256716 0.118909426 0.849353015 -0.514256716 0.118909426 0.849353015 -0.514256716 0.118909426 0.849353015 -0.514256716 0.118909426 0.849353015 -0.511898756 0.152182534 0.845458567 -0.511898756 0.152182534 0.845458567 -0.511898756 0.152182534 0.845458567 -0.511898756 0.152182534 0.845458567 -0.511898756 0.152182534 0.845458567 -0.511898756 0.152182534 0.845458567 -0.508996367 0.184946284 0.840664983 -0.508996367 0.184946284 0.840664983 -0.508996367 0.184946284 0.840664983 -0.508996367 0.184946284 0.840664983 -0.508996367 0.184946284 0.840664983 -0.508996367 0.184946284 0.840664983 </float_array>
          <technique_common>
            <accessor count="2304" offset="0" source="#mesh_0-normals-array" stride="3">
              <param name="X" type="float" />
              <param name="Y" type="float" />
              <param name="Z" type="float" />
            </accessor>
          </technique_common>
        </source>
        <vertices id="mesh_0-vertices">
          <input semantic="POSITION" source="#mesh_0-positions" />
        </vertices>
        <polylist count="768" material="defaultMaterial">
          <input offset="0" semantic="VERTEX" source="#mesh_0-vertices" />
          <input offset="0" semantic="NORMAL" source="#mesh_0-normals" />
          <vcount>3 3 3 3 3 3 3 3 3 3 3 3 3 3 3 3 3 3 3 3 3 3 3 3 3 3 3 3 3 3 3 3 3 3 3 3 3 3 3 3 3 3 3 3 3 3 3 3 3 3 3 3 3 3 3 3 3 3 3 3 3 3 3 3 3 3 3 3 3 3 3 3 3 3 3 3 3 3 3 3 3 3 3 3 3 3 3 3 3 3 3 3 3 3 3 3 3 3 3 3 3 3 3 3 3 3 3 3 3 3 3 3 3 3 3 3 3 3 3 3 3 3 3 3 3 3 3 3 3 3 3 3 3 3 3 3 3 3 3 3 3 3 3 3 3 3 3 3 3 3 3 3 3 3 3 3 3 3 3 3 3 3 3 3 3 3 3 3 3 3 3 3 3 3 3 3 3 3 3 3 3 3 3 3 3 3 3 3 3 3 3 3 3 3 3 3 3 3 3 3 3 3 3 3 3 3 3 3 3 3 3 3 3 3 3 3 3 3 3 3 3 3 3 3 3 3 3 3 3 3 3 3 3 3 3 3 3 3 3 3 3 3 3 3 3 3 3 3 3 3 3 3 3 3 3 3 3 3 3 3 3 3 3 3 3 3 3 3 3 3 3 3 3 3 3 3 3 3 3 3 3 3 3 3 3 3 3 3 3 3 3 3 3 3 3 3 3 3 3 3 3 3 3 3 3 3 3 3 3 3 3 3 3 3 3 3 3 3 3 3 3 3 3 3 3 3 3 3 3 3 3 3 3 3 3 3 3 3 3 3 3 3 3 3 3 3 3 3 3 3 3 3 3 3 3 3 3 3 3 3 3 3 3 3 3 3 3 3 3 3 3 3 3 3 3 3 3 3 3 3 3 3 3 3 3 3 3 3 3 3 3 3 3 3 3 3 3 3 3 3 3 3 3 3 3 3 3 3 3 3 3 3 3 3 3 3 3 3 3 3 3 3 3 3 3 3 3 3 3 3 3 3 3 3 3 3 3 3 3 3 3 3 3 3 3 3 3 3 3 3 3 3 3 3 3 3 3 3 3 3 3 3 3 3 3 3 3 3 3 3 3 3 3 3 3 3 3 3 3 3 3 3 3 3 3 3 3 3 3 3 3 3 3 3 3 3 3 3 3 3 3 3 3 3 3 3 3 3 3 3 3 3 3 3 3 3 3 3 3 3 3 3 3 3 3 3 3 3 3 3 3 3 3 3 3 3 3 3 3 3 3 3 3 3 3 3 3 3 3 3 3 3 3 3 3 3 3 3 3 3 3 3 3 3 3 3 3 3 3 3 3 3 3 3 3 3 3 3 3 3 3 3 3 3 3 3 3 3 3 3 3 3 3 3 3 3 3 3 3 3 3 3 3 3 3 3 3 3 3 3 3 3 3 3 3 3 3 3 3 3 3 3 3 3 3 3 3 3 3 3 3 3 3 3 3 3 3 3 3 3 3 3 3 3 3 3 3 3 3 3 3 3 3 3 3 3 3 3 3 3 3 3 3 3 3 3 3 3 3 3 3 3 3 3 3 3 3 3 3 3 3 3 3 3 3 3 3 3 3 3 3 3 3 3 3 3 3 3 3 3 3 3 3 3 3 3 3 3 3 3 3 3 3 3 3 3 3 3 3 3 3 3 3 3 3 3 3 3 3 3 3 3 3 3 3 3 3 3 3 3 3 3 3 3 3 3 3 3 3 3 3 3 3 3 3 3 3 3 3 3 3 3 3 3 3 3 3 3 </vcount>
          <p>0 1 2 3 4 5 6 7 8 9 10 11 12 13 14 15 16 17 18 19 20 21 22 23 24 25 26 27 28 29 30 31 32 33 34 35 36 37 38 39 40 41 42 43 44 45 46 47 48 49 50 51 52 53 54 55 56 57 58 59 60 61 62 63 64 65 66 67 68 69 70 71 72 73 74 75 76 77 78 79 80 81 82 83 84 85 86 87 88 89 90 91 92 93 94 95 96 97 98 99 100 101 102 103 104 105 106 107 108 109 110 111 112 113 114 115 116 117 118 119 120 121 122 123 124 125 126 127 128 129 130 131 132 133 134 135 136 137 138 139 140 141 142 143 144 145 146 147 148 149 150 151 152 153 154 155 156 157 158 159 160 161 162 163 164 165 166 167 168 169 170 171 172 173 174 175 176 177 178 179 180 181 182 183 184 185 186 187 188 189 190 191 192 193 194 195 196 197 198 199 200 201 202 203 204 205 206 207 208 209 210 211 212 213 214 215 216 217 218 219 220 221 222 223 224 225 226 227 228 229 230 231 232 233 234 235 236 237 238 239 240 241 242 243 244 245 246 247 248 249 250 251 252 253 254 255 256 257 258 259 260 261 262 263 264 265 266 267 268 269 270 271 272 273 274 275 276 277 278 279 280 281 282 283 284 285 286 287 288 289 290 291 292 293 294 295 296 297 298 299 300 301 302 303 304 305 306 307 308 309 310 311 312 313 314 315 316 317 318 319 320 321 322 323 324 325 326 327 328 329 330 331 332 333 334 335 336 337 338 339 340 341 342 343 344 345 346 347 348 349 350 351 352 353 354 355 356 357 358 359 360 361 362 363 364 365 366 367 368 369 370 371 372 373 374 375 376 377 378 379 380 381 382 383 384 385 386 387 388 389 390 391 392 393 394 395 396 397 398 399 400 401 402 403 404 405 406 407 408 409 410 411 412 413 414 415 416 417 418 419 420 421 422 423 424 425 426 427 428 429 430 431 432 433 434 435 436 437 438 439 440 441 442 443 444 445 446 447 448 449 450 451 452 453 454 455 456 457 458 459 460 461 462 463 464 465 466 467 468 469 470 471 472 473 474 475 476 477 478 479 480 481 482 483 484 485 486 487 488 489 490 491 492 493 494 495 496 497 498 499 500 501 502 503 504 505 506 507 508 509 510 511 512 513 514 515 516 517 518 519 520 521 522 523 524 525 526 527 528 529 530 531 532 533 534 535 536 537 538 539 540 541 542 543 544 545 546 547 548 549 550 551 552 553 554 555 556 557 558 559 560 561 562 563 564 565 566 567 568 569 570 571 572 573 574 575 576 577 578 579 580 581 582 583 584 585 586 587 588 589 590 591 592 593 594 595 596 597 598 599 600 601 602 603 604 605 606 607 608 609 610 611 612 613 614 615 616 617 618 619 620 621 622 623 624 625 626 627 628 629 630 631 632 633 634 635 636 637 638 639 640 641 642 643 644 645 646 647 648 649 650 651 652 653 654 655 656 657 658 659 660 661 662 663 664 665 666 667 668 669 670 671 672 673 674 675 676 677 678 679 680 681 682 683 684 685 686 687 688 689 690 691 692 693 694 695 696 697 698 699 700 701 702 703 704 705 706 707 708 709 710 711 712 713 714 715 716 717 718 719 720 721 722 723 724 725 726 727 728 729 730 731 732 733 734 735 736 737 738 739 740 741 742 743 744 745 746 747 748 749 750 751 752 753 754 755 756 757 758 759 760 761 762 763 764 765 766 767 768 769 770 771 772 773 774 775 776 777 778 779 780 781 782 783 784 785 786 787 788 789 790 791 792 793 794 795 796 797 798 799 800 801 802 803 804 805 806 807 808 809 810 811 812 813 814 815 816 817 818 819 820 821 822 823 824 825 826 827 828 829 830 831 832 833 834 835 836 837 838 839 840 841 842 843 844 845 846 847 848 849 850 851 852 853 854 855 856 857 858 859 860 861 862 863 864 865 866 867 868 869 870 871 872 873 874 875 876 877 878 879 880 881 882 883 884 885 886 887 888 889 890 891 892 893 894 895 896 897 898 899 900 901 902 903 904 905 906 907 908 909 910 911 912 913 914 915 916 917 918 919 920 921 922 923 924 925 926 927 928 929 930 931 932 933 934 935 936 937 938 939 940 941 942 943 944 945 946 947 948 949 950 951 952 953 954 955 956 957 958 959 960 961 962 963 964 965 966 967 968 969 970 971 972 973 974 975 976 977 978 979 980 981 982 983 984 985 986 987 988 989 990 991 992 993 994 995 996 997 998 999 1000 1001 1002 1003 1004 1005 1006 1007 1008 1009 1010 1011 1012 1013 1014 1015 1016 1017 1018 1019 1020 1021 1022 1023 1024 1025 1026 1027 1028 1029 1030 1031 1032 1033 1034 1035 1036 1037 1038 1039 1040 1041 1042 1043 1044 1045 1046 1047 1048 1049 1050 1051 1052 1053 1054 1055 1056 1057 1058 1059 1060 1061 1062 1063 1064 1065 1066 1067 1068 1069 1070 1071 1072 1073 1074 1075 1076 1077 1078 1079 1080 1081 1082 1083 1084 1085 1086 1087 1088 1089 1090 1091 1092 1093 1094 1095 1096 1097 1098 1099 1100 1101 1102 1103 1104 1105 1106 1107 1108 1109 1110 1111 1112 1113 1114 1115 1116 1117 1118 1119 1120 1121 1122 1123 1124 1125 1126 1127 1128 1129 1130 1131 1132 1133 1134 1135 1136 1137 1138 1139 1140 1141 1142 1143 1144 1145 1146 1147 1148 1149 1150 1151 1152 1153 1154 1155 1156 1157 1158 1159 1160 1161 1162 1163 1164 1165 1166 1167 1168 1169 1170 1171 1172 1173 1174 1175 1176 1177 1178 1179 1180 1181 1182 1183 1184 1185 1186 1187 1188 1189 1190 1191 1192 1193 1194 1195 1196 1197 1198 1199 1200 1201 1202 1203 1204 1205 1206 1207 1208 1209 1210 1211 1212 1213 1214 1215 1216 1217 1218 1219 1220 1221 1222 1223 1224 1225 1226 1227 1228 1229 1230 1231 1232 1233 1234 1235 1236 1237 1238 1239 1240 1241 1242 1243 1244 1245 1246 1247 1248 1249 1250 1251 1252 1253 1254 1255 1256 1257 1258 1259 1260 1261 1262 1263 1264 1265 1266 1267 1268 1269 1270 1271 1272 1273 1274 1275 1276 1277 1278 1279 1280 1281 1282 1283 1284 1285 1286 1287 1288 1289 1290 1291 1292 1293 1294 1295 1296 1297 1298 1299 1300 1301 1302 1303 1304 1305 1306 1307 1308 1309 1310 1311 1312 1313 1314 1315 1316 1317 1318 1319 1320 1321 1322 1323 1324 1325 1326 1327 1328 1329 1330 1331 1332 1333 1334 1335 1336 1337 1338 1339 1340 1341 1342 1343 1344 1345 1346 1347 1348 1349 1350 1351 1352 1353 1354 1355 1356 1357 1358 1359 1360 1361 1362 1363 1364 1365 1366 1367 1368 1369 1370 1371 1372 1373 1374 1375 1376 1377 1378 1379 1380 1381 1382 1383 1384 1385 1386 1387 1388 1389 1390 1391 1392 1393 1394 1395 1396 1397 1398 1399 1400 1401 1402 1403 1404 1405 1406 1407 1408 1409 1410 1411 1412 1413 1414 1415 1416 1417 1418 1419 1420 1421 1422 1423 1424 1425 1426 1427 1428 1429 1430 1431 1432 1433 1434 1435 1436 1437 1438 1439 1440 1441 1442 1443 1444 1445 1446 1447 1448 1449 1450 1451 1452 1453 1454 1455 1456 1457 1458 1459 1460 1461 1462 1463 1464 1465 1466 1467 1468 1469 1470 1471 1472 1473 1474 1475 1476 1477 1478 1479 1480 1481 1482 1483 1484 1485 1486 1487 1488 1489 1490 1491 1492 1493 1494 1495 1496 1497 1498 1499 1500 1501 1502 1503 1504 1505 1506 1507 1508 1509 1510 1511 1512 1513 1514 1515 1516 1517 1518 1519 1520 1521 1522 1523 1524 1525 1526 1527 1528 1529 1530 1531 1532 1533 1534 1535 1536 1537 1538 1539 1540 1541 1542 1543 1544 1545 1546 1547 1548 1549 1550 1551 1552 1553 1554 1555 1556 1557 1558 1559 1560 1561 1562 1563 1564 1565 1566 1567 1568 1569 1570 1571 1572 1573 1574 1575 1576 1577 1578 1579 1580 1581 1582 1583 1584 1585 1586 1587 1588 1589 1590 1591 1592 1593 1594 1595 1596 1597 1598 1599 1600 1601 1602 1603 1604 1605 1606 1607 1608 1609 1610 1611 1612 1613 1614 1615 1616 1617 1618 1619 1620 1621 1622 1623 1624 1625 1626 1627 1628 1629 1630 1631 1632 1633 1634 1635 1636 1637 1638 1639 1640 1641 1642 1643 1644 1645 1646 1647 1648 1649 1650 1651 1652 1653 1654 1655 1656 1657 1658 1659 1660 1661 1662 1663 1664 1665 1666 1667 1668 1669 1670 1671 1672 1673 1674 1675 1676 1677 1678 1679 1680 1681 1682 1683 1684 1685 1686 1687 1688 1689 1690 1691 1692 1693 1694 1695 1696 1697 1698 1699 1700 1701 1702 1703 1704 1705 1706 1707 1708 1709 1710 1711 1712 1713 1714 1715 1716 1717 1718 1719 1720 1721 1722 1723 1724 1725 1726 1727 1728 1729 1730 1731 1732 1733 1734 1735 1736 1737 1738 1739 1740 1741 1742 1743 1744 1745 1746 1747 1748 1749 1750 1751 1752 1753 1754 1755 1756 1757 1758 1759 1760 1761 1762 1763 1764 1765 1766 1767 1768 1769 1770 1771 1772 1773 1774 1775 1776 1777 1778 1779 1780 1781 1782 1783 1784 1785 1786 1787 1788 1789 1790 1791 1792 1793 1794 1795 1796 1797 1798 1799 1800 1801 1802 1803 1804 1805 1806 1807 1808 1809 1810 1811 1812 1813 1814 1815 1816 1817 1818 1819 1820 1821 1822 1823 1824 1825 1826 1827 1828 1829 1830 1831 1832 1833 1834 1835 1836 1837 1838 1839 1840 1841 1842 1843 1844 1845 1846 1847 1848 1849 1850 1851 1852 1853 1854 1855 1856 1857 1858 1859 1860 1861 1862 1863 1864 1865 1866 1867 1868 1869 1870 1871 1872 1873 1874 1875 1876 1877 1878 1879 1880 1881 1882 1883 1884 1885 1886 1887 1888 1889 1890 1891 1892 1893 1894 1895 1896 1897 1898 1899 1900 1901 1902 1903 1904 1905 1906 1907 1908 1909 1910 1911 1912 1913 1914 1915 1916 1917 1918 1919 1920 1921 1922 1923 1924 1925 1926 1927 1928 1929 1930 1931 1932 1933 1934 1935 1936 1937 1938 1939 1940 1941 1942 1943 1944 1945 1946 1947 1948 1949 1950 1951 1952 1953 1954 1955 1956 1957 1958 1959 1960 1961 1962 1963 1964 1965 1966 1967 1968 1969 1970 1971 1972 1973 1974 1975 1976 1977 1978 1979 1980 1981 1982 1983 1984 1985 1986 1987 1988 1989 1990 1991 1992 1993 1994 1995 1996 1997 1998 1999 2000 2001 2002 2003 2004 2005 2006 2007 2008 2009 2010 2011 2012 2013 2014 2015 2016 2017 2018 2019 2020 2021 2022 2023 2024 2025 2026 2027 2028 2029 2030 2031 2032 2033 2034 2035 2036 2037 2038 2039 2040 2041 2042 2043 2044 2045 2046 2047 2048 2049 2050 2051 2052 2053 2054 2055 2056 2057 2058 2059 2060 2061 2062 2063 2064 2065 2066 2067 2068 2069 2070 2071 2072 2073 2074 2075 2076 2077 2078 2079 2080 2081 2082 2083 2084 2085 2086 2087 2088 2089 2090 2091 2092 2093 2094 2095 2096 2097 2098 2099 2100 2101 2102 2103 2104 2105 2106 2107 2108 2109 2110 2111 2112 2113 2114 2115 2116 2117 2118 2119 2120 2121 2122 2123 2124 2125 2126 2127 2128 2129 2130 2131 2132 2133 2134 2135 2136 2137 2138 2139 2140 2141 2142 2143 2144 2145 2146 2147 2148 2149 2150 2151 2152 2153 2154 2155 2156 2157 2158 2159 2160 2161 2162 2163 2164 2165 2166 2167 2168 2169 2170 2171 2172 2173 2174 2175 2176 2177 2178 2179 2180 2181 2182 2183 2184 2185 2186 2187 2188 2189 2190 2191 2192 2193 2194 2195 2196 2197 2198 2199 2200 2201 2202 2203 2204 2205 2206 2207 2208 2209 2210 2211 2212 2213 2214 2215 2216 2217 2218 2219 2220 2221 2222 2223 2224 2225 2226 2227 2228 2229 2230 2231 2232 2233 2234 2235 2236 2237 2238 2239 2240 2241 2242 2243 2244 2245 2246 2247 2248 2249 2250 2251 2252 2253 2254 2255 2256 2257 2258 2259 2260 2261 2262 2263 2264 2265 2266 2267 2268 2269 2270 2271 2272 2273 2274 2275 2276 2277 2278 2279 2280 2281 2282 2283 2284 2285 2286 2287 2288 2289 2290 2291 2292 2293 2294 2295 2296 2297 2298 2299 2300 2301 2302 2303 </p>
        </polylist>
      </mesh>
    </geometry>
  </library_geometries>
  <library_controllers>
  </library_controllers>
  <library_visual_scenes>
    <visual_scene id="_ySTL_BINARY_" name="&lt;STL_BINARY&gt;">
      <node id="node" name="" type="NODE">
        <matrix sid="matrix">1 0 0 0 0 1 0 0 0 0 1 0 0 0 0 1</matrix>
        <instance_geometry url="#mesh_0">
          <bind_material>
            <technique_common>
              <instance_material symbol="defaultMaterial" target="#DefaultMaterial">
              </instance_material>
            </technique_common>
          </bind_material>
        </instance_geometry>
      </node>
    </visual_scene>
  </library_visual_scenes>
  <scene>
    <instance_visual_scene url="#_ySTL_BINARY_" />
  </scene>
</COLLADA>
